table,asset_id,path,exists_on_disk,join_outcome
figure_asset,figure_00001,Output/figures/review/plot_treed_exclusion_map.png,1,matched
figure_asset,figure_00002,Output/figures/review/gc_total_veg_with_gauge_context.png,1,matched
figure_asset,figure_00003,Output/figures/review/inundation_with_gauge_context.png,1,matched
figure_asset,figure_00004,Output/figures/review/gauge_flow_by_station_overview.png,1,matched
figure_asset,figure_00005,Output/figures/review/gauge_data_completeness_overview.png,1,matched
figure_asset,figure_00006,Output/figures/review/dashboard_gauge_integration_prototype.png,1,matched
figure_asset,figure_00007,Output/figures/review/matched_year_inundation_comparison.png,1,matched
figure_asset,figure_00008,Output/figures/review/mer_metric_summary_review.png,1,matched
figure_asset,figure_00009,Output/figures/review/gauge_completeness_by_gauge_main_deck.png,1,matched
figure_asset,figure_00010,Output/figures/review/kingsford_ratio_context_main_deck.png,1,matched
figure_asset,figure_00011,Output/figures/review/mer_vs_annual_inundation_change_comparison.png,1,matched
figure_asset,figure_00012,Output/figures/review/mer_change_result_main_deck.png,1,matched
figure_asset,figure_00013,Output/figures/review/inundation_with_gauge_context_main_deck.png,1,matched
figure_asset,figure_00014,Output/figures/review/candidate_dashboard_set_for_review_updated.png,1,matched
figure_asset,figure_00015,Output/figures/maps/modis_ground_cover/modis_scale_context_map.png,1,matched
figure_asset,figure_00016,Output/figures/maps/modis_ground_cover/modis_rgb_2001_01.png,1,matched
figure_asset,figure_00017,Output/figures/maps/modis_ground_cover/modis_bare_pct_2001_01.png,1,matched
figure_asset,figure_00018,Output/figures/maps/modis_ground_cover/modis_pv_pct_2001_01.png,1,matched
figure_asset,figure_00019,Output/figures/maps/modis_ground_cover/modis_npv_pct_2001_01.png,1,matched
figure_asset,figure_00020,Output/figures/maps/modis_ground_cover/modis_total_veg_pct_2001_01.png,1,matched
figure_asset,figure_00021,Output/figures/maps/modis_ground_cover/modis_rgb_2010_01.png,1,matched
figure_asset,figure_00022,Output/figures/maps/modis_ground_cover/modis_bare_pct_2010_01.png,1,matched
figure_asset,figure_00023,Output/figures/maps/modis_ground_cover/modis_pv_pct_2010_01.png,1,matched
figure_asset,figure_00024,Output/figures/maps/modis_ground_cover/modis_npv_pct_2010_01.png,1,matched
figure_asset,figure_00025,Output/figures/maps/modis_ground_cover/modis_total_veg_pct_2010_01.png,1,matched
figure_asset,figure_00026,Output/figures/maps/modis_ground_cover/modis_rgb_2015_01.png,1,matched
figure_asset,figure_00027,Output/figures/maps/modis_ground_cover/modis_bare_pct_2015_01.png,1,matched
figure_asset,figure_00028,Output/figures/maps/modis_ground_cover/modis_pv_pct_2015_01.png,1,matched
figure_asset,figure_00029,Output/figures/maps/modis_ground_cover/modis_npv_pct_2015_01.png,1,matched
figure_asset,figure_00030,Output/figures/maps/modis_ground_cover/modis_total_veg_pct_2015_01.png,1,matched
figure_asset,figure_00031,Output/figures/maps/modis_ground_cover/modis_rgb_2019_07.png,1,matched
figure_asset,figure_00032,Output/figures/maps/modis_ground_cover/modis_bare_pct_2019_07.png,1,matched
figure_asset,figure_00033,Output/figures/maps/modis_ground_cover/modis_pv_pct_2019_07.png,1,matched
figure_asset,figure_00034,Output/figures/maps/modis_ground_cover/modis_npv_pct_2019_07.png,1,matched
figure_asset,figure_00035,Output/figures/maps/modis_ground_cover/modis_total_veg_pct_2019_07.png,1,matched
figure_asset,figure_00036,Output/figures/maps/modis_ground_cover/modis_rgb_2022_01.png,1,matched
figure_asset,figure_00037,Output/figures/maps/modis_ground_cover/modis_bare_pct_2022_01.png,1,matched
figure_asset,figure_00038,Output/figures/maps/modis_ground_cover/modis_pv_pct_2022_01.png,1,matched
figure_asset,figure_00039,Output/figures/maps/modis_ground_cover/modis_npv_pct_2022_01.png,1,matched
figure_asset,figure_00040,Output/figures/maps/modis_ground_cover/modis_total_veg_pct_2022_01.png,1,matched
figure_asset,figure_00041,Output/figures/maps/modis_ground_cover/modis_rgb_2026_02.png,1,matched
figure_asset,figure_00042,Output/figures/maps/modis_ground_cover/modis_bare_pct_2026_02.png,1,matched
figure_asset,figure_00043,Output/figures/maps/modis_ground_cover/modis_pv_pct_2026_02.png,1,matched
figure_asset,figure_00044,Output/figures/maps/modis_ground_cover/modis_npv_pct_2026_02.png,1,matched
figure_asset,figure_00045,Output/figures/maps/modis_ground_cover/modis_total_veg_pct_2026_02.png,1,matched
figure_asset,figure_00046,Output/figures/maps/modis_ground_cover/modis_pre_mean_total_veg_pct.png,1,matched
figure_asset,figure_00047,Output/figures/maps/modis_ground_cover/modis_post_mean_total_veg_pct.png,1,matched
figure_asset,figure_00048,Output/figures/maps/modis_ground_cover/modis_post_minus_pre_total_veg_pct_points.png,1,matched
figure_asset,figure_00049,Output/figures/maps/modis_ground_cover/modis_pre_mean_bare_pct.png,1,matched
figure_asset,figure_00050,Output/figures/maps/modis_ground_cover/modis_post_mean_bare_pct.png,1,matched
figure_asset,figure_00051,Output/figures/maps/modis_ground_cover/modis_post_minus_pre_bare_pct_points.png,1,matched
figure_asset,figure_00052,Output/figures/maps/modis_ground_cover/modis_scale_context_map_refined.png,1,matched
figure_asset,figure_00053,Output/figures/maps/modis_ground_cover/modis_rgb_representative_dry_month.png,1,matched
figure_asset,figure_00054,Output/figures/maps/modis_ground_cover/modis_rgb_representative_wet_month.png,1,matched
figure_asset,figure_00055,Output/figures/maps/modis_ground_cover/modis_pre_mean_total_veg_pct_refined.png,1,matched
figure_asset,figure_00056,Output/figures/maps/modis_ground_cover/modis_post_mean_total_veg_pct_refined.png,1,matched
figure_asset,figure_00057,Output/figures/maps/modis_ground_cover/modis_post_minus_pre_total_veg_pct_points_refined.png,1,matched
figure_asset,figure_00058,Output/figures/maps/modis_ground_cover/modis_pre_mean_bare_pct_refined.png,1,matched
figure_asset,figure_00059,Output/figures/maps/modis_ground_cover/modis_post_mean_bare_pct_refined.png,1,matched
figure_asset,figure_00060,Output/figures/maps/modis_ground_cover/modis_post_minus_pre_bare_pct_points_refined.png,1,matched
figure_asset,figure_00061,Output/figures/maps/context/gayini_location_context_map.png,1,matched
figure_asset,figure_00062,Output/figures/maps/context/gayini_location_context_map_wide.png,1,matched
figure_asset,figure_00063,Output/figures/maps/context/gayini_vegetation_group_map.png,1,matched
figure_asset,figure_00064,Output/figures/maps/context/gayini_vegetation_group_map_with_plots.png,1,matched
figure_asset,figure_00065,Output/figures/maps/inundation/background_flood_pattern_pre2015.png,1,matched
figure_asset,figure_00066,Output/figures/maps/inundation/inundation_frequency_by_vegetation_group.png,1,matched
figure_asset,figure_00067,Output/figures/maps/inundation/inundation_post_minus_pre_change_main_deck.png,1,matched
figure_asset,figure_00068,Output/figures/maps/inundation/inundation_post_minus_pre_change_with_paddocks.png,1,matched
figure_asset,figure_00069,Output/figures/maps/inundation/inundation_pre_post_frequency_main_deck.png,1,matched
figure_asset,figure_00070,Output/figures/maps/inundation/plot_level_inundation_change_with_paddocks.png,1,matched
figure_asset,figure_00071,Output/figures/maps/inundation/matched_year_inundation_comparison_main_deck.png,1,matched
figure_asset,figure_00072,Output/figures/maps/inundation/matched_year_paired_summary_by_veg_group.png,1,matched
figure_asset,figure_00073,Output/figures/maps/MER/mer_annual_max_observed_wet_example.png,1,matched
figure_asset,figure_00074,Output/figures/maps/MER/mer_pre_post_annual_max_frequency_main_deck.png,1,matched
figure_asset,figure_00075,Output/figures/maps/MER/mer_post_minus_pre_annual_max_change_main_deck.png,1,matched
figure_asset,figure_00076,Output/figures/maps/MER/mer_raster_vs_annual_occurrence_change_comparison.png,1,matched
figure_asset,figure_00077,Output/figures/review/redesigned_dashboards/dashboard_redesigned_GA_001.png,1,matched
figure_asset,figure_00078,Output/figures/review/redesigned_dashboards/dashboard_redesigned_GA_003.png,1,matched
figure_asset,figure_00079,Output/figures/review/redesigned_dashboards/dashboard_redesigned_GA_012.png,1,matched
figure_asset,figure_00080,Output/figures/review/redesigned_dashboards/dashboard_redesigned_GA_019.png,1,matched
figure_asset,figure_00081,Output/figures/review/redesigned_dashboards/dashboard_redesigned_GA_026.png,1,matched
figure_asset,figure_00082,Output/figures/review/redesigned_dashboards/dashboard_redesigned_GA_032.png,1,matched
figure_asset,figure_00083,Output/figures/review/redesigned_dashboards/dashboard_redesigned_GA_035.png,1,matched
figure_asset,figure_00084,Output/figures/review/redesigned_dashboards/dashboard_redesigned_GA_043.png,1,matched
figure_asset,figure_00085,Output/figures/review/redesigned_dashboards/dashboard_redesigned_GA_052.png,1,matched
figure_asset,figure_00086,Output/figures/review/redesigned_dashboards/dashboard_redesigned_GA_065.png,1,matched
figure_asset,figure_00087,Output/figures/review/MER/mer_vs_annual_occurrence_main_deck_comparison.png,1,matched
figure_asset,figure_00088,Output/figures/review/MER/mer_metric_summary_main_deck.png,1,matched
figure_asset,figure_00089,Output/figures/review/MER/mer_metric_keep_defer_summary_review.png,1,matched
figure_asset,figure_00090,Output/figures/review/MER/raster_build/mer_raster_observation_cadence_by_water_year.png,1,matched
figure_asset,figure_00091,Output/figures/review/MER/raster_build/mer_raster_grid_compatibility_summary.png,1,matched
figure_asset,figure_00092,Output/figures/review/MER/raster_build/mer_raster_build_readiness_summary.png,1,matched
figure_asset,figure_00093,Output/figures/review/MER/raster_build/mer_raster_smoke_test_qa.png,1,matched
figure_asset,figure_00094,Output/figures/plots/RS_coverage/07e_pre_post_inundation_frequency_maps.png,1,matched
figure_asset,figure_00095,Output/figures/plots/RS_coverage/06c_daily_inundation_full_cloud_shadow_heatmap.png,1,matched
figure_asset,figure_00096,Output/figures/plots/RS_coverage/06c_daily_inundation_full_valid_interpretation_heatmap.png,1,matched
figure_asset,figure_00097,Output/figures/plots/RS_coverage/06c_daily_inundation_full_mean_inundated_by_sensor.png,1,matched
figure_asset,figure_00098,Output/figures/plots/RS_coverage/06c_daily_inundation_full_value_area_by_sensor.png,1,matched
figure_asset,figure_00099,Output/figures/plots/RS_coverage/06c_daily_inundation_full_daily_inundated_heatmap.png,1,matched
figure_asset,figure_00100,Output/figures/plots/RS_coverage/05c_landsat_inundation_full_majority_count_heatmap.png,1,matched
figure_asset,figure_00101,Output/figures/plots/RS_coverage/05c_landsat_inundation_full_count_area_by_treatment.png,1,matched
figure_asset,figure_00102,Output/figures/plots/RS_coverage/05c_landsat_inundation_full_mean_inundated_any_by_treatment.png,1,matched
figure_asset,figure_00103,Output/figures/plots/RS_coverage/05c_landsat_inundation_full_inundated_any_heatmap.png,1,matched
figure_asset,figure_00104,Output/figures/plots/RS_coverage/04c_fractional_cover_full_missingness_heatmap.png,1,matched
figure_asset,figure_00105,Output/figures/plots/RS_coverage/04c_fractional_cover_full_missingness_by_raster.png,1,matched
figure_asset,figure_00106,Output/figures/plots/RS_coverage/04c_fractional_cover_full_valid_coverage_by_plot.png,1,matched
figure_asset,figure_00107,Output/figures/plots/hydrology/gauge_context_monthly_flow_primary_gauges.png,1,matched
figure_asset,figure_00108,Output/figures/plots/hydrology/gauge_context_water_year_flow_primary_gauges.png,1,matched
figure_asset,figure_00109,Output/figures/plots/hydrology/gauge_flow_vs_annual_inundation_frequency.png,1,matched
figure_asset,figure_00110,Output/figures/plots/hydrology/gauge_flow_vs_total_vegetation_examples.png,1,matched
figure_asset,figure_00111,Output/figures/plots/hydrology/gauge_missingness_context.png,1,matched
figure_asset,figure_00112,Output/figures/plots/hydrology/kingsford_style_flow_ratios_for_review.png,1,matched
figure_asset,figure_00113,Output/figures/plots/MODIS_ground_cover/modis_whole_farm_monthly_timeseries.png,1,matched
figure_asset,figure_00114,Output/figures/plots/MODIS_ground_cover/modis_farm_vs_buffer_total_veg_timeseries.png,1,matched
figure_asset,figure_00115,Output/figures/plots/MODIS_ground_cover/modis_farm_vs_buffer_bare_ground_timeseries.png,1,matched
figure_asset,figure_00116,Output/figures/plots/MODIS_ground_cover/modis_water_year_total_veg_summary.png,1,matched
figure_asset,figure_00117,Output/figures/plots/MODIS_ground_cover/modis_water_year_bare_ground_summary.png,1,matched
figure_asset,figure_00118,Output/figures/plots/MODIS_ground_cover/modis_management_zone_support.png,1,matched
figure_asset,figure_00119,Output/figures/plots/MODIS_ground_cover/modis_selected_management_zone_timeseries.png,1,matched
figure_asset,figure_00120,Output/figures/plots/MODIS_ground_cover/modis_period_summary_prepost.png,1,matched
figure_asset,figure_00121,Output/figures/plots/MODIS_ground_cover/modis_whole_farm_total_veg_bare_water_year_refined.png,1,matched
figure_asset,figure_00122,Output/figures/plots/MODIS_ground_cover/modis_whole_farm_monthly_anomaly_refined.png,1,matched
figure_asset,figure_00123,Output/figures/plots/MODIS_ground_cover/modis_farm_minus_buffer_total_veg_anomaly.png,1,matched
figure_asset,figure_00124,Output/figures/plots/MODIS_ground_cover/modis_farm_minus_buffer_bare_anomaly.png,1,matched
figure_asset,figure_00125,Output/figures/plots/MODIS_ground_cover/modis_management_zone_support_simplified.png,1,matched
figure_asset,figure_00126,Output/figures/plots/MODIS_ground_cover/modis_selected_management_zone_timeseries_refined.png,1,matched
figure_asset,figure_00127,Output/figures/plots/ground_cover/gc_total_veg_with_gauge_context_main_deck.png,1,matched
figure_asset,figure_00128,Output/figures/plots/ground_cover/inundation_change_vs_total_veg_by_vegetation_group.png,1,matched
figure_asset,figure_00129,Output/figures/plots/ground_cover/inundation_change_vs_total_veg_by_wetness_group.png,1,matched
figure_asset,figure_00130,Output/figures/plots/ground_cover/lag_timing_zoom_2013_current_main_deck.png,1,matched
figure_asset,figure_00131,Output/figures/plots/ground_cover/selected_plot_total_veg_inundation_gauge_examples.png,1,matched
figure_asset,figure_00132,Output/figures/plots/MER/mer_observation_support_by_water_year.png,1,matched
figure_asset,figure_00133,Output/figures/plots/MER/mer_vs_annual_occurrence_plot_agreement.png,1,matched
figure_asset,figure_00134,Output/figures/plots/MER/mer_post_minus_pre_by_vegetation_group.png,1,matched
figure_asset,figure_00135,Output/figures/plots/MER/mer_annual_max_heatmap_appendix.png,1,matched
figure_asset,figure_00136,Output/figures/plots/MER/mer_observation_support_sensor_note_appendix.png,1,matched
figure_asset,figure_00137,Output/figures/review_deck/main_deck/gayini_analysis_workflow_summary.png,1,matched
figure_asset,figure_00138,Output/figures/review_deck/main_deck/gayini_hydrology_inundation_vegetation_synthesis.png,1,matched
figure_asset,figure_00139,Output/figures/review_deck/appendix/inundation_change_vs_bare_ground_appendix_only.png,1,matched
raster_asset,raster_00001,Output/rasters/inundation_pre_post/pre_conservation_inundation_frequency_pct.tif,1,matched
raster_asset,raster_00002,Output/rasters/inundation_pre_post/pre_conservation_wet_year_count.tif,1,matched
raster_asset,raster_00003,Output/rasters/inundation_pre_post/pre_conservation_valid_year_count.tif,1,matched
raster_asset,raster_00004,Output/rasters/inundation_pre_post/post_conservation_inundation_frequency_pct.tif,1,matched
raster_asset,raster_00005,Output/rasters/inundation_pre_post/post_conservation_wet_year_count.tif,1,matched
raster_asset,raster_00006,Output/rasters/inundation_pre_post/post_conservation_valid_year_count.tif,1,matched
raster_asset,raster_00007,Output/rasters/inundation_pre_post/post_minus_pre_inundation_frequency_pct_points.tif,1,matched
raster_asset,raster_00008,Output/rasters/inundation_pre_post/annual/annual_inundated_any_post_conservation__2020.tif,1,matched
raster_asset,raster_00009,Output/rasters/inundation_pre_post/annual/annual_valid_any_post_conservation__2020.tif,1,matched
raster_asset,raster_00010,Output/rasters/inundation_pre_post/annual/annual_inundated_any_post_conservation__2021.tif,1,matched
raster_asset,raster_00011,Output/rasters/inundation_pre_post/annual/annual_valid_any_post_conservation__2021.tif,1,matched
raster_asset,raster_00012,Output/rasters/inundation_pre_post/annual/annual_inundated_any_post_conservation__2022.tif,1,matched
raster_asset,raster_00013,Output/rasters/inundation_pre_post/annual/annual_valid_any_post_conservation__2022.tif,1,matched
raster_asset,raster_00014,Output/rasters/inundation_pre_post/annual/annual_inundated_any_post_conservation__2023.tif,1,matched
raster_asset,raster_00015,Output/rasters/inundation_pre_post/annual/annual_valid_any_post_conservation__2023.tif,1,matched
raster_asset,raster_00016,Output/rasters/inundation_pre_post/annual/annual_inundated_any_post_conservation__2024.tif,1,matched
raster_asset,raster_00017,Output/rasters/inundation_pre_post/annual/annual_valid_any_post_conservation__2024.tif,1,matched
raster_asset,raster_00018,Output/rasters/inundation_pre_post/annual/annual_inundated_any_post_conservation__2025.tif,1,matched
raster_asset,raster_00019,Output/rasters/inundation_pre_post/annual/annual_valid_any_post_conservation__2025.tif,1,matched
raster_asset,raster_00020,Output/rasters/inundation_pre_post/annual/annual_inundated_any_pre_conservation__2014.tif,1,matched
raster_asset,raster_00021,Output/rasters/inundation_pre_post/annual/annual_valid_any_pre_conservation__2014.tif,1,matched
raster_asset,raster_00022,Output/rasters/inundation_pre_post/annual/annual_inundated_any_pre_conservation__2015.tif,1,matched
raster_asset,raster_00023,Output/rasters/inundation_pre_post/annual/annual_valid_any_pre_conservation__2015.tif,1,matched
raster_asset,raster_00024,Output/rasters/inundation_pre_post/annual/annual_inundated_any_pre_conservation__2016.tif,1,matched
raster_asset,raster_00025,Output/rasters/inundation_pre_post/annual/annual_valid_any_pre_conservation__2016.tif,1,matched
raster_asset,raster_00026,Output/rasters/inundation_pre_post/annual/annual_inundated_any_pre_conservation__2017.tif,1,matched
raster_asset,raster_00027,Output/rasters/inundation_pre_post/annual/annual_valid_any_pre_conservation__2017.tif,1,matched
raster_asset,raster_00028,Output/rasters/inundation_pre_post/annual/annual_inundated_any_pre_conservation__2018.tif,1,matched
raster_asset,raster_00029,Output/rasters/inundation_pre_post/annual/annual_valid_any_pre_conservation__2018.tif,1,matched
raster_asset,raster_00030,Output/rasters/inundation_pre_post/annual/annual_inundated_any_pre_conservation__2019.tif,1,matched
raster_asset,raster_00031,Output/rasters/inundation_pre_post/annual/annual_valid_any_pre_conservation__2019.tif,1,matched
raster_asset,raster_00032,Output/rasters/MER/annual_max/mer_annual_max_observed_inundation_WY2024_strict_value_1_SMOKE_TEST.tif,1,matched
raster_asset,raster_00033,Output/rasters/MER/annual_max/mer_annual_max_observed_inundation_WY2025_strict_value_1_SMOKE_TEST.tif,1,matched
raster_asset,raster_00034,Output/rasters/MER/annual_max/mer_annual_max_observed_wet_WY2014_2015.tif,1,matched
raster_asset,raster_00035,Output/rasters/MER/annual_max/mer_valid_observation_count_WY2014_2015.tif,1,matched
raster_asset,raster_00036,Output/rasters/MER/annual_max/mer_wet_observation_count_WY2014_2015.tif,1,matched
raster_asset,raster_00037,Output/rasters/MER/annual_max/mer_observation_support_class_WY2014_2015.tif,1,matched
raster_asset,raster_00038,Output/rasters/MER/annual_max/mer_wet_observation_fraction_WY2014_2015.tif,1,matched
raster_asset,raster_00039,Output/rasters/MER/annual_max/mer_annual_max_observed_wet_WY2015_2016.tif,1,matched
raster_asset,raster_00040,Output/rasters/MER/annual_max/mer_valid_observation_count_WY2015_2016.tif,1,matched
raster_asset,raster_00041,Output/rasters/MER/annual_max/mer_wet_observation_count_WY2015_2016.tif,1,matched
raster_asset,raster_00042,Output/rasters/MER/annual_max/mer_observation_support_class_WY2015_2016.tif,1,matched
raster_asset,raster_00043,Output/rasters/MER/annual_max/mer_wet_observation_fraction_WY2015_2016.tif,1,matched
raster_asset,raster_00044,Output/rasters/MER/annual_max/mer_annual_max_observed_wet_WY2016_2017.tif,1,matched
raster_asset,raster_00045,Output/rasters/MER/annual_max/mer_valid_observation_count_WY2016_2017.tif,1,matched
raster_asset,raster_00046,Output/rasters/MER/annual_max/mer_wet_observation_count_WY2016_2017.tif,1,matched
raster_asset,raster_00047,Output/rasters/MER/annual_max/mer_observation_support_class_WY2016_2017.tif,1,matched
raster_asset,raster_00048,Output/rasters/MER/annual_max/mer_wet_observation_fraction_WY2016_2017.tif,1,matched
raster_asset,raster_00049,Output/rasters/MER/annual_max/mer_annual_max_observed_wet_WY2017_2018.tif,1,matched
raster_asset,raster_00050,Output/rasters/MER/annual_max/mer_valid_observation_count_WY2017_2018.tif,1,matched
raster_asset,raster_00051,Output/rasters/MER/annual_max/mer_wet_observation_count_WY2017_2018.tif,1,matched
raster_asset,raster_00052,Output/rasters/MER/annual_max/mer_observation_support_class_WY2017_2018.tif,1,matched
raster_asset,raster_00053,Output/rasters/MER/annual_max/mer_wet_observation_fraction_WY2017_2018.tif,1,matched
raster_asset,raster_00054,Output/rasters/MER/annual_max/mer_annual_max_observed_wet_WY2018_2019.tif,1,matched
raster_asset,raster_00055,Output/rasters/MER/annual_max/mer_valid_observation_count_WY2018_2019.tif,1,matched
raster_asset,raster_00056,Output/rasters/MER/annual_max/mer_wet_observation_count_WY2018_2019.tif,1,matched
raster_asset,raster_00057,Output/rasters/MER/annual_max/mer_observation_support_class_WY2018_2019.tif,1,matched
raster_asset,raster_00058,Output/rasters/MER/annual_max/mer_wet_observation_fraction_WY2018_2019.tif,1,matched
raster_asset,raster_00059,Output/rasters/MER/annual_max/mer_annual_max_observed_wet_WY2019_2020.tif,1,matched
raster_asset,raster_00060,Output/rasters/MER/annual_max/mer_valid_observation_count_WY2019_2020.tif,1,matched
raster_asset,raster_00061,Output/rasters/MER/annual_max/mer_wet_observation_count_WY2019_2020.tif,1,matched
raster_asset,raster_00062,Output/rasters/MER/annual_max/mer_observation_support_class_WY2019_2020.tif,1,matched
raster_asset,raster_00063,Output/rasters/MER/annual_max/mer_wet_observation_fraction_WY2019_2020.tif,1,matched
raster_asset,raster_00064,Output/rasters/MER/annual_max/mer_annual_max_observed_wet_WY2020_2021.tif,1,matched
raster_asset,raster_00065,Output/rasters/MER/annual_max/mer_valid_observation_count_WY2020_2021.tif,1,matched
raster_asset,raster_00066,Output/rasters/MER/annual_max/mer_wet_observation_count_WY2020_2021.tif,1,matched
raster_asset,raster_00067,Output/rasters/MER/annual_max/mer_observation_support_class_WY2020_2021.tif,1,matched
raster_asset,raster_00068,Output/rasters/MER/annual_max/mer_wet_observation_fraction_WY2020_2021.tif,1,matched
raster_asset,raster_00069,Output/rasters/MER/annual_max/mer_annual_max_observed_wet_WY2021_2022.tif,1,matched
raster_asset,raster_00070,Output/rasters/MER/annual_max/mer_valid_observation_count_WY2021_2022.tif,1,matched
raster_asset,raster_00071,Output/rasters/MER/annual_max/mer_wet_observation_count_WY2021_2022.tif,1,matched
raster_asset,raster_00072,Output/rasters/MER/annual_max/mer_observation_support_class_WY2021_2022.tif,1,matched
raster_asset,raster_00073,Output/rasters/MER/annual_max/mer_wet_observation_fraction_WY2021_2022.tif,1,matched
raster_asset,raster_00074,Output/rasters/MER/annual_max/mer_annual_max_observed_wet_WY2022_2023.tif,1,matched
raster_asset,raster_00075,Output/rasters/MER/annual_max/mer_valid_observation_count_WY2022_2023.tif,1,matched
raster_asset,raster_00076,Output/rasters/MER/annual_max/mer_wet_observation_count_WY2022_2023.tif,1,matched
raster_asset,raster_00077,Output/rasters/MER/annual_max/mer_observation_support_class_WY2022_2023.tif,1,matched
raster_asset,raster_00078,Output/rasters/MER/annual_max/mer_wet_observation_fraction_WY2022_2023.tif,1,matched
raster_asset,raster_00079,Output/rasters/MER/annual_max/mer_annual_max_observed_wet_WY2023_2024.tif,1,matched
raster_asset,raster_00080,Output/rasters/MER/annual_max/mer_valid_observation_count_WY2023_2024.tif,1,matched
raster_asset,raster_00081,Output/rasters/MER/annual_max/mer_wet_observation_count_WY2023_2024.tif,1,matched
raster_asset,raster_00082,Output/rasters/MER/annual_max/mer_observation_support_class_WY2023_2024.tif,1,matched
raster_asset,raster_00083,Output/rasters/MER/annual_max/mer_wet_observation_fraction_WY2023_2024.tif,1,matched
raster_asset,raster_00084,Output/rasters/MER/annual_max/mer_annual_max_observed_wet_WY2024_2025.tif,1,matched
raster_asset,raster_00085,Output/rasters/MER/annual_max/mer_valid_observation_count_WY2024_2025.tif,1,matched
raster_asset,raster_00086,Output/rasters/MER/annual_max/mer_wet_observation_count_WY2024_2025.tif,1,matched
raster_asset,raster_00087,Output/rasters/MER/annual_max/mer_observation_support_class_WY2024_2025.tif,1,matched
raster_asset,raster_00088,Output/rasters/MER/annual_max/mer_wet_observation_fraction_WY2024_2025.tif,1,matched
raster_asset,raster_00089,Output/rasters/MER/support/mer_observation_count_WY2024_SMOKE_TEST.tif,1,matched
raster_asset,raster_00090,Output/rasters/MER/support/mer_valid_observation_count_WY2024_SMOKE_TEST.tif,1,matched
raster_asset,raster_00091,Output/rasters/MER/support/mer_observation_count_WY2025_SMOKE_TEST.tif,1,matched
raster_asset,raster_00092,Output/rasters/MER/support/mer_valid_observation_count_WY2025_SMOKE_TEST.tif,1,matched
raster_asset,raster_00093,Output/rasters/MER/period_summaries/mer_pre_annual_max_observed_frequency_pct.tif,1,matched
raster_asset,raster_00094,Output/rasters/MER/period_summaries/mer_post_annual_max_observed_frequency_pct.tif,1,matched
raster_asset,raster_00095,Output/rasters/MER/period_summaries/mer_post_minus_pre_annual_max_frequency_pct_points.tif,1,matched
raster_asset,raster_00096,Output/rasters/MER/period_summaries/mer_pre_valid_year_count.tif,1,matched
raster_asset,raster_00097,Output/rasters/MER/period_summaries/mer_post_valid_year_count.tif,1,matched
raster_asset,raster_00098,Output/rasters/MER/period_summaries/mer_period_summary_support_mask.tif,1,matched
raster_asset,stack_annual_wet_any_1988_2023,Output/rasters/inundation_annual_stack/annual_wet_any_1988_2023.tif,1,matched
raster_asset,stack_annual_valid_any_1988_2023,Output/rasters/inundation_annual_stack/annual_valid_any_1988_2023.tif,1,matched
raster_asset,raster_08058_wet,Output/rasters/inundation_annual_stack_8058/annual_wet_any_1988_2023_8058.tif,1,matched
raster_asset,raster_08058_valid,Output/rasters/inundation_annual_stack_8058/annual_valid_any_1988_2023_8058.tif,1,matched
raster_asset,raster_vegpct_p05,Output/rasters/veg_percentiles_8058/total_veg_p05_8058.tif,1,matched
raster_asset,raster_vegpct_p10,Output/rasters/veg_percentiles_8058/total_veg_p10_8058.tif,1,matched
raster_asset,raster_vegpct_p20,Output/rasters/veg_percentiles_8058/total_veg_p20_8058.tif,1,matched
raster_asset,raster_vegpct_p30,Output/rasters/veg_percentiles_8058/total_veg_p30_8058.tif,1,matched
raster_asset,raster_vegpct_p50,Output/rasters/veg_percentiles_8058/total_veg_p50_8058.tif,1,matched
raster_asset,raster_veg_regime_class_8058,Output/rasters/veg_regime_class_8058.tif,1,matched
raster_asset,raster_flood_zone_8058,Output/rasters/flood_zone_8058.tif,1,matched
report_asset,report_00001,Output/reports/README_reports.md,1,matched
report_asset,report_00002,Output/reports/MER/flow_mer_repo_comparison_and_raster_plan_20260627.md,1,matched
report_asset,report_00003,Output/reports/MER/mer_raster_grid_alignment_policy.md,1,matched
report_asset,report_00004,Output/reports/spine_smoke_test/spine_smoke_test_report.md,1,matched
report_asset,report_00005,Output/reports/database/Gayini_results_database_build_report.md,1,matched
report_asset,report_00006,Output/reports/MER/methods_notes/Gayini_MER_raster_methods_note.md,1,matched
report_asset,report_00007,Output/reports/MER/decks/Gayini_MER_analysis_review_deck.pptx,1,matched
report_asset,report_00008,Output/reports/MER/workbooks/Gayini_MER_analysis_workbook.xlsx,1,matched
report_asset,report_00009,Output/reports/MER/handoffs/task_9_mer_package_handoff.md,1,matched
report_asset,report_00010,Output/reports/MER/handoffs/task_10_mer_raster_census_and_smoke_test_handoff.md,1,matched
report_asset,report_00011,Output/reports/MER/handoffs/task_12_mer_annual_max_raster_build_handoff.md,1,matched
report_asset,report_00012,Output/reports/deck_update/story_and_planning/Gayini_presentation_and_workshop_plan_20260615.xlsx,1,matched
report_asset,report_00013,Output/reports/deck_update/variables_and_spine/Gayini_master_variable_and_output_register_20260615.xlsx,1,matched
report_asset,report_00014,Output/reports/code_and_repo_audits/code_refresh/stage1_git_status_report.md,1,matched
report_asset,report_00015,Output/reports/code_and_repo_audits/code_refresh/stage1_code_refresh_handoff.md,1,matched
report_asset,report_00016,Output/reports/code_and_repo_audits/code_refresh/stage1_github_push_report.md,1,matched
report_asset,report_00017,Output/reports/code_and_repo_audits/code_refresh/stage2_code_refresh_handoff.md,1,matched
report_asset,report_00018,Output/reports/code_and_repo_audits/code_refresh/stage2_git_status_report.md,1,matched
report_asset,report_00019,Output/reports/code_and_repo_audits/code_refresh/stage2_github_push_report.md,1,matched
report_asset,report_00020,Output/reports/code_and_repo_audits/code_refresh/stage3_git_status_report.md,1,matched
report_asset,report_00021,Output/reports/code_and_repo_audits/code_refresh/stage3_code_refresh_handoff.md,1,matched
report_asset,report_00022,Output/reports/code_and_repo_audits/code_refresh/stage3_github_push_report.md,1,matched
report_asset,report_00023,Output/reports/code_and_repo_audits/code_refresh/stage4_git_status_report.md,1,matched
report_asset,report_00024,Output/reports/code_and_repo_audits/code_refresh/stage4_spine_runner_handoff.md,1,matched
report_asset,report_00025,Output/reports/code_and_repo_audits/code_refresh/stage4_github_push_report.md,1,matched
report_asset,report_00026,Output/reports/code_and_repo_audits/code_refresh/stage5_git_status_report.md,1,matched
report_asset,report_00027,Output/reports/code_and_repo_audits/repo_acceptance/repo_acceptance_audit.md,1,matched
report_asset,report_00028,Output/reports/code_and_repo_audits/repo_acceptance/stage5_repo_acceptance_handoff.md,1,matched
report_asset,report_00029,Output/reports/code_and_repo_audits/repo_acceptance/stage5_github_push_report.md,1,matched
report_asset,report_00030,Output/reports/code_and_repo_audits/output_audit/proposed_output_structure.md,1,matched
report_asset,report_00031,Output/reports/code_and_repo_audits/output_audit/stage6_output_audit_handoff.md,1,matched
report_asset,report_00032,Output/reports/code_and_repo_audits/output_audit/stage6_git_status_report.md,1,matched
report_asset,report_00033,Output/reports/code_and_repo_audits/output_audit/output_cleanup_dry_run_report.md,1,matched
report_asset,report_00034,Output/reports/code_and_repo_audits/output_audit/output_cleanup_execution_report.md,1,matched
report_asset,report_00035,Output/diagnostics/check_curated_outputs/codex_handoff_report.md,1,matched
report_asset,report_00036,Output/diagnostics/check_prepost_inundation_raster_outputs/codex_handoff_report.md,1,matched
report_asset,report_00037,Output/diagnostics/ground_cover/prepost_response/codex_handoff_report.md,1,matched
report_asset,report_00038,Output/diagnostics/ground_cover/prepost_figures/codex_handoff_report.md,1,matched
census_asset,census_pixel_8058,Output/census/gayini_pixel_census_8058.parquet,1,matched
