asset_id,table,path,exists,size_bytes,method,checksum_recorded,checksum_actual,ok
figure_00001,figure_asset,Output/figures/review/plot_treed_exclusion_map.png,1,255284,full_file,488a134ce2711f41ffe5209d6b755449e1e65d73b4bbe2b178706e90cffd36cc,488a134ce2711f41ffe5209d6b755449e1e65d73b4bbe2b178706e90cffd36cc,1
figure_00002,figure_asset,Output/figures/review/gc_total_veg_with_gauge_context.png,1,499852,full_file,fe16c6085d11ad9502abeb66104691dea7faab5b0fe4dec2376c756bf931bd04,fe16c6085d11ad9502abeb66104691dea7faab5b0fe4dec2376c756bf931bd04,1
figure_00003,figure_asset,Output/figures/review/inundation_with_gauge_context.png,1,329504,full_file,372b86e49e9f4413e35fef6a632e78546217eb3e9c1a58d0aa80f4e68819ae9a,372b86e49e9f4413e35fef6a632e78546217eb3e9c1a58d0aa80f4e68819ae9a,1
figure_00004,figure_asset,Output/figures/review/gauge_flow_by_station_overview.png,1,268964,full_file,f9868de9d55131f022f289880ee94c27e5d83734d07c47d8c8d1ce9c7b9ea84c,f9868de9d55131f022f289880ee94c27e5d83734d07c47d8c8d1ce9c7b9ea84c,1
figure_00005,figure_asset,Output/figures/review/gauge_data_completeness_overview.png,1,91121,full_file,73d75859cba6d13596e67e417569daf810622b08802e0363fdd620358bf1cbb2,73d75859cba6d13596e67e417569daf810622b08802e0363fdd620358bf1cbb2,1
figure_00006,figure_asset,Output/figures/review/dashboard_gauge_integration_prototype.png,1,144726,full_file,7fe34fa63ee1d88990c1c752e459adc0a1b476695df838e5cbbc7293cbe00caf,7fe34fa63ee1d88990c1c752e459adc0a1b476695df838e5cbbc7293cbe00caf,1
figure_00007,figure_asset,Output/figures/review/matched_year_inundation_comparison.png,1,142340,full_file,4e651964cb2d542248bf360f1393da7034ebbfd51cfa1524e496fcb230b5e6ba,4e651964cb2d542248bf360f1393da7034ebbfd51cfa1524e496fcb230b5e6ba,1
figure_00008,figure_asset,Output/figures/review/mer_metric_summary_review.png,1,185070,full_file,c56057d6871bd4758eef48cbf43dbbfc71f5ef2fffe1567e808fee3123e2ee5c,c56057d6871bd4758eef48cbf43dbbfc71f5ef2fffe1567e808fee3123e2ee5c,1
figure_00009,figure_asset,Output/figures/review/gauge_completeness_by_gauge_main_deck.png,1,84572,full_file,a9c5f64e232bfe3d24f1f8ab911749063773a1abdea00ad82a0371e41b2bb538,a9c5f64e232bfe3d24f1f8ab911749063773a1abdea00ad82a0371e41b2bb538,1
figure_00010,figure_asset,Output/figures/review/kingsford_ratio_context_main_deck.png,1,321060,full_file,059887a7d4caaa1ac69d7102d02bfb62794ae3aab186bfe8bdaf815c9c5c4222,059887a7d4caaa1ac69d7102d02bfb62794ae3aab186bfe8bdaf815c9c5c4222,1
figure_00011,figure_asset,Output/figures/review/mer_vs_annual_inundation_change_comparison.png,1,443053,full_file,4d74409aa38ee1b6d9e2754d62bee8060a644596bff46bd0dd02f0fc16c894c4,4d74409aa38ee1b6d9e2754d62bee8060a644596bff46bd0dd02f0fc16c894c4,1
figure_00012,figure_asset,Output/figures/review/mer_change_result_main_deck.png,1,347101,full_file,ab0a7f79d82ea2435c8bfc57b354938e9cb9d3b2cbf6ef03c7332f3d56595faf,ab0a7f79d82ea2435c8bfc57b354938e9cb9d3b2cbf6ef03c7332f3d56595faf,1
figure_00013,figure_asset,Output/figures/review/inundation_with_gauge_context_main_deck.png,1,255881,full_file,e4ef49fd4c86c0e198c309ef9d8bac8f17d3cb565c6aff398d5ffb11b4625777,e4ef49fd4c86c0e198c309ef9d8bac8f17d3cb565c6aff398d5ffb11b4625777,1
figure_00014,figure_asset,Output/figures/review/candidate_dashboard_set_for_review_updated.png,1,136154,full_file,6dc8b9663279291122d3bcc35a6f2ae768b03a0d641c7e7ddd96fbda6e308e45,6dc8b9663279291122d3bcc35a6f2ae768b03a0d641c7e7ddd96fbda6e308e45,1
figure_00015,figure_asset,Output/figures/maps/modis_ground_cover/modis_scale_context_map.png,1,626286,full_file,3595ffe3cd6a3c214ee346366572416c97a31542537b6b411b46bc70394c2b50,3595ffe3cd6a3c214ee346366572416c97a31542537b6b411b46bc70394c2b50,1
figure_00016,figure_asset,Output/figures/maps/modis_ground_cover/modis_rgb_2001_01.png,1,1159939,full_file,8f47959f461b9daabf0c614e84a9f36b380fb548e9ab7e53b84983dabb384510,8f47959f461b9daabf0c614e84a9f36b380fb548e9ab7e53b84983dabb384510,1
figure_00017,figure_asset,Output/figures/maps/modis_ground_cover/modis_bare_pct_2001_01.png,1,36298,full_file,b4f01bdc784a5715afa80dbdb3757353fa6d6df348a8718a486f1f8d2c544c52,b4f01bdc784a5715afa80dbdb3757353fa6d6df348a8718a486f1f8d2c544c52,1
figure_00018,figure_asset,Output/figures/maps/modis_ground_cover/modis_pv_pct_2001_01.png,1,41554,full_file,5e7ab5fed58a4d7afb7d9158c354236b3ca3bc316caea94ca03bc3c44cb7de68,5e7ab5fed58a4d7afb7d9158c354236b3ca3bc316caea94ca03bc3c44cb7de68,1
figure_00019,figure_asset,Output/figures/maps/modis_ground_cover/modis_npv_pct_2001_01.png,1,38187,full_file,aec1e56fb50282c0bc90ae17d5a3bd0ff4862d51afc131aa5ad194fc7b3a0b93,aec1e56fb50282c0bc90ae17d5a3bd0ff4862d51afc131aa5ad194fc7b3a0b93,1
figure_00020,figure_asset,Output/figures/maps/modis_ground_cover/modis_total_veg_pct_2001_01.png,1,37219,full_file,d0571c1f723227c30d0ef893992051146083ba4c362ec0e212cb09f5538fc835,d0571c1f723227c30d0ef893992051146083ba4c362ec0e212cb09f5538fc835,1
figure_00021,figure_asset,Output/figures/maps/modis_ground_cover/modis_rgb_2010_01.png,1,1230571,full_file,8346756a799e89400da07c005282c9a27716139e46436a4b428226b4da6a7607,8346756a799e89400da07c005282c9a27716139e46436a4b428226b4da6a7607,1
figure_00022,figure_asset,Output/figures/maps/modis_ground_cover/modis_bare_pct_2010_01.png,1,37739,full_file,253afc0556bf8f3259b0d621b95ba4d4e2e5b585187e1015dcec287a57f17e8f,253afc0556bf8f3259b0d621b95ba4d4e2e5b585187e1015dcec287a57f17e8f,1
figure_00023,figure_asset,Output/figures/maps/modis_ground_cover/modis_pv_pct_2010_01.png,1,44203,full_file,07432491a9d390c76765a39ef020dbc244a85a1456f8388dbe75a134f0a7c760,07432491a9d390c76765a39ef020dbc244a85a1456f8388dbe75a134f0a7c760,1
figure_00024,figure_asset,Output/figures/maps/modis_ground_cover/modis_npv_pct_2010_01.png,1,38302,full_file,1953d7c1c5461f417c524197457dbc619978ce9fad08a5bf2b6a322a182bf57f,1953d7c1c5461f417c524197457dbc619978ce9fad08a5bf2b6a322a182bf57f,1
figure_00025,figure_asset,Output/figures/maps/modis_ground_cover/modis_total_veg_pct_2010_01.png,1,37992,full_file,af7f0e57ffd8fe23ede498866a39bf310f5b67905e7b21b14354af1446ab4686,af7f0e57ffd8fe23ede498866a39bf310f5b67905e7b21b14354af1446ab4686,1
figure_00026,figure_asset,Output/figures/maps/modis_ground_cover/modis_rgb_2015_01.png,1,1207766,full_file,d529a51ad2095ca1bcb1157cf386bd63a3555f8d2817b8199129cb39b0f0e64f,d529a51ad2095ca1bcb1157cf386bd63a3555f8d2817b8199129cb39b0f0e64f,1
figure_00027,figure_asset,Output/figures/maps/modis_ground_cover/modis_bare_pct_2015_01.png,1,37302,full_file,49d21652fbc2e5a1569eec91020e957c9b0d053241ac703800b8e5d0c490bde8,49d21652fbc2e5a1569eec91020e957c9b0d053241ac703800b8e5d0c490bde8,1
figure_00028,figure_asset,Output/figures/maps/modis_ground_cover/modis_pv_pct_2015_01.png,1,43931,full_file,7e458469b025137a1bce467a3ae49c24373673f044217adcf52d76fc34cc3d5a,7e458469b025137a1bce467a3ae49c24373673f044217adcf52d76fc34cc3d5a,1
figure_00029,figure_asset,Output/figures/maps/modis_ground_cover/modis_npv_pct_2015_01.png,1,38610,full_file,a0d1f9485c8dde5442be163eb8c227f8fbe4a504d586f300bdde22079f4e2c88,a0d1f9485c8dde5442be163eb8c227f8fbe4a504d586f300bdde22079f4e2c88,1
figure_00030,figure_asset,Output/figures/maps/modis_ground_cover/modis_total_veg_pct_2015_01.png,1,37547,full_file,6e4358a9d1976e691239dcbe4a3be9d32ebb4f1c04b0154f64270e0b0cf23629,6e4358a9d1976e691239dcbe4a3be9d32ebb4f1c04b0154f64270e0b0cf23629,1
figure_00031,figure_asset,Output/figures/maps/modis_ground_cover/modis_rgb_2019_07.png,1,1306499,full_file,b128dd0828e2f3c0e763696d69c0417127bbe8bbc42149a33fa803f08ed735a2,b128dd0828e2f3c0e763696d69c0417127bbe8bbc42149a33fa803f08ed735a2,1
figure_00032,figure_asset,Output/figures/maps/modis_ground_cover/modis_bare_pct_2019_07.png,1,40217,full_file,9edc3e143aad9f5f97d024f9d9240fd9a3c6a901e03ae609dd4b7e27b3c6b83e,9edc3e143aad9f5f97d024f9d9240fd9a3c6a901e03ae609dd4b7e27b3c6b83e,1
figure_00033,figure_asset,Output/figures/maps/modis_ground_cover/modis_pv_pct_2019_07.png,1,36597,full_file,7fbd0162a86d2ec6195d254f6347a665aed191ae3f88955bb23638b5342c9008,7fbd0162a86d2ec6195d254f6347a665aed191ae3f88955bb23638b5342c9008,1
figure_00034,figure_asset,Output/figures/maps/modis_ground_cover/modis_npv_pct_2019_07.png,1,37430,full_file,58f4642db8d07ecdc76eb5c36aabeccbc19de1f1c05aa9fb4a2651225651ebd9,58f4642db8d07ecdc76eb5c36aabeccbc19de1f1c05aa9fb4a2651225651ebd9,1
figure_00035,figure_asset,Output/figures/maps/modis_ground_cover/modis_total_veg_pct_2019_07.png,1,41112,full_file,23955750b4434864a33e95496a09e3beb78f902589ef8d92a6a774766d645755,23955750b4434864a33e95496a09e3beb78f902589ef8d92a6a774766d645755,1
figure_00036,figure_asset,Output/figures/maps/modis_ground_cover/modis_rgb_2022_01.png,1,1254660,full_file,dd30df0d38fee300df2fdf8fee6cab702c3d3dfda5c454626a1552e77aa436b4,dd30df0d38fee300df2fdf8fee6cab702c3d3dfda5c454626a1552e77aa436b4,1
figure_00037,figure_asset,Output/figures/maps/modis_ground_cover/modis_bare_pct_2022_01.png,1,38029,full_file,33c636ecca2f251a62cc9004d1528104bb51e4a02afe0da2d89483daec6ee046,33c636ecca2f251a62cc9004d1528104bb51e4a02afe0da2d89483daec6ee046,1
figure_00038,figure_asset,Output/figures/maps/modis_ground_cover/modis_pv_pct_2022_01.png,1,40221,full_file,eead46a0f8ff36aa26bbe533b5e3716ee56716e3fbcbb28b2c94d6bd6abe902c,eead46a0f8ff36aa26bbe533b5e3716ee56716e3fbcbb28b2c94d6bd6abe902c,1
figure_00039,figure_asset,Output/figures/maps/modis_ground_cover/modis_npv_pct_2022_01.png,1,39643,full_file,e41bea12b42185a7486af8fe228c856a4641a2b1eb83fafe8435d6a43ca37f93,e41bea12b42185a7486af8fe228c856a4641a2b1eb83fafe8435d6a43ca37f93,1
figure_00040,figure_asset,Output/figures/maps/modis_ground_cover/modis_total_veg_pct_2022_01.png,1,38693,full_file,b58651c938f4fe654fdf7220cf7660af4aca77f5dbb1163eaa9a3482828a6c36,b58651c938f4fe654fdf7220cf7660af4aca77f5dbb1163eaa9a3482828a6c36,1
figure_00041,figure_asset,Output/figures/maps/modis_ground_cover/modis_rgb_2026_02.png,1,1317186,full_file,d072fdb47730dfdf3f6d69f21cef097023bf6c73cab5a4b9b0b90a572d589d7c,d072fdb47730dfdf3f6d69f21cef097023bf6c73cab5a4b9b0b90a572d589d7c,1
figure_00042,figure_asset,Output/figures/maps/modis_ground_cover/modis_bare_pct_2026_02.png,1,37769,full_file,bdced2ca42c128d08ecc06d5aedce3357af8eae2a7a5695a3d36efde3b45e447,bdced2ca42c128d08ecc06d5aedce3357af8eae2a7a5695a3d36efde3b45e447,1
figure_00043,figure_asset,Output/figures/maps/modis_ground_cover/modis_pv_pct_2026_02.png,1,43295,full_file,d4c4723e85230fcdd607487409ab0d10a421164d4b19144dcb96c32df3bf7251,d4c4723e85230fcdd607487409ab0d10a421164d4b19144dcb96c32df3bf7251,1
figure_00044,figure_asset,Output/figures/maps/modis_ground_cover/modis_npv_pct_2026_02.png,1,38169,full_file,a1f3cc572ef0ccb20cbb66394092d20005770b27156060361b2f403a9f250457,a1f3cc572ef0ccb20cbb66394092d20005770b27156060361b2f403a9f250457,1
figure_00045,figure_asset,Output/figures/maps/modis_ground_cover/modis_total_veg_pct_2026_02.png,1,37930,full_file,71e9942380bd537cec22f0d0e0c764afde3bb12c204b2ad7dee4bcd9c862708f,71e9942380bd537cec22f0d0e0c764afde3bb12c204b2ad7dee4bcd9c862708f,1
figure_00046,figure_asset,Output/figures/maps/modis_ground_cover/modis_pre_mean_total_veg_pct.png,1,41214,full_file,0ed43a16f014e0841391d6b45fac5d1cba2a8b55d73d5703c74fedcff6f94070,0ed43a16f014e0841391d6b45fac5d1cba2a8b55d73d5703c74fedcff6f94070,1
figure_00047,figure_asset,Output/figures/maps/modis_ground_cover/modis_post_mean_total_veg_pct.png,1,43569,full_file,7ee51793b65862b6f277fcc2c9db2caaad50c295695de9167de928651dcbc464,7ee51793b65862b6f277fcc2c9db2caaad50c295695de9167de928651dcbc464,1
figure_00048,figure_asset,Output/figures/maps/modis_ground_cover/modis_post_minus_pre_total_veg_pct_points.png,1,43545,full_file,ce1eda3063fe80083bcd90a7fb419ab05ed5b0b775c5f18b2a58fca07882896f,ce1eda3063fe80083bcd90a7fb419ab05ed5b0b775c5f18b2a58fca07882896f,1
figure_00049,figure_asset,Output/figures/maps/modis_ground_cover/modis_pre_mean_bare_pct.png,1,37534,full_file,d252f343deecefb2931fbf41787eefe73a7ade87c9eb2c5bdb8e53aea96d07e3,d252f343deecefb2931fbf41787eefe73a7ade87c9eb2c5bdb8e53aea96d07e3,1
figure_00050,figure_asset,Output/figures/maps/modis_ground_cover/modis_post_mean_bare_pct.png,1,40097,full_file,a4406738431aaa7b1c3312d7088129d94c36202c5d0ea65ae5bf872a7e87a6ca,a4406738431aaa7b1c3312d7088129d94c36202c5d0ea65ae5bf872a7e87a6ca,1
figure_00051,figure_asset,Output/figures/maps/modis_ground_cover/modis_post_minus_pre_bare_pct_points.png,1,45931,full_file,6450f1427d2d77ddf21c4096299d78fbff7256ab23fd4e010d511e414979faa5,6450f1427d2d77ddf21c4096299d78fbff7256ab23fd4e010d511e414979faa5,1
figure_00052,figure_asset,Output/figures/maps/modis_ground_cover/modis_scale_context_map_refined.png,1,598270,full_file,8c09f1a91266ea66598f11237b1770d8bcbe975613a36aca80db51681ef13bd3,8c09f1a91266ea66598f11237b1770d8bcbe975613a36aca80db51681ef13bd3,1
figure_00053,figure_asset,Output/figures/maps/modis_ground_cover/modis_rgb_representative_dry_month.png,1,1282888,full_file,1274d3652fb7a8e7dc33f1c222d289df9637b4fe690914156528ddfc0dbf3d9b,1274d3652fb7a8e7dc33f1c222d289df9637b4fe690914156528ddfc0dbf3d9b,1
figure_00054,figure_asset,Output/figures/maps/modis_ground_cover/modis_rgb_representative_wet_month.png,1,1462778,full_file,9db733b98764059d553dbebe5491f09f0eac70a915714075e2e2c90b11f0fb93,9db733b98764059d553dbebe5491f09f0eac70a915714075e2e2c90b11f0fb93,1
figure_00055,figure_asset,Output/figures/maps/modis_ground_cover/modis_pre_mean_total_veg_pct_refined.png,1,60263,full_file,b33a7200e976ed84c0fcff5d95ac1d6559e38552ec591cd3d19387bb143700e7,b33a7200e976ed84c0fcff5d95ac1d6559e38552ec591cd3d19387bb143700e7,1
figure_00056,figure_asset,Output/figures/maps/modis_ground_cover/modis_post_mean_total_veg_pct_refined.png,1,60142,full_file,e251810fbde6ed1a4d6377a5f866519d68df3498dd675221514e006b66757b2f,e251810fbde6ed1a4d6377a5f866519d68df3498dd675221514e006b66757b2f,1
figure_00057,figure_asset,Output/figures/maps/modis_ground_cover/modis_post_minus_pre_total_veg_pct_points_refined.png,1,67542,full_file,bada5a444db25b5660cc3399f53a6bee8212cc3b23cb5497b3ae39b9529bace7,bada5a444db25b5660cc3399f53a6bee8212cc3b23cb5497b3ae39b9529bace7,1
figure_00058,figure_asset,Output/figures/maps/modis_ground_cover/modis_pre_mean_bare_pct_refined.png,1,60239,full_file,773a74910315aa5db62c519b293a01522d4c749ebdd8311124667a9d7d11f2d6,773a74910315aa5db62c519b293a01522d4c749ebdd8311124667a9d7d11f2d6,1
figure_00059,figure_asset,Output/figures/maps/modis_ground_cover/modis_post_mean_bare_pct_refined.png,1,59728,full_file,ef5ecdea8b558457e9cb33e77fedca0eca8126e6d6e908bb9872c264e5afedb3,ef5ecdea8b558457e9cb33e77fedca0eca8126e6d6e908bb9872c264e5afedb3,1
figure_00060,figure_asset,Output/figures/maps/modis_ground_cover/modis_post_minus_pre_bare_pct_points_refined.png,1,66933,full_file,d02c454508507e4291dcd93908f15e37445ac53211499efd8c85111a80b00061,d02c454508507e4291dcd93908f15e37445ac53211499efd8c85111a80b00061,1
figure_00061,figure_asset,Output/figures/maps/context/gayini_location_context_map.png,1,83155,full_file,bf335cfaf467b8677e8a35250b3c1bafecf9e0b8444947c38d760f3a40382c86,bf335cfaf467b8677e8a35250b3c1bafecf9e0b8444947c38d760f3a40382c86,1
figure_00062,figure_asset,Output/figures/maps/context/gayini_location_context_map_wide.png,1,100687,full_file,53464f35c308cb87a3fb7dc78e2810c00741dc44f86fb0e8d91e723f4a666fe8,53464f35c308cb87a3fb7dc78e2810c00741dc44f86fb0e8d91e723f4a666fe8,1
figure_00063,figure_asset,Output/figures/maps/context/gayini_vegetation_group_map.png,1,411667,full_file,54e184e9abac4792c61c50158b74b817275bc1b1d9d2e48bc479a1c4f7deaf80,54e184e9abac4792c61c50158b74b817275bc1b1d9d2e48bc479a1c4f7deaf80,1
figure_00064,figure_asset,Output/figures/maps/context/gayini_vegetation_group_map_with_plots.png,1,439758,full_file,be6c9074d7199c433769d6f7ae423fca81e5b9251c45badc23803cf8c14b120c,be6c9074d7199c433769d6f7ae423fca81e5b9251c45badc23803cf8c14b120c,1
figure_00065,figure_asset,Output/figures/maps/inundation/background_flood_pattern_pre2015.png,1,121645,full_file,e014c9e14cf28b5e197b156c7c25d91bc90c6d4e390c7843e776f3fa27424278,e014c9e14cf28b5e197b156c7c25d91bc90c6d4e390c7843e776f3fa27424278,1
figure_00066,figure_asset,Output/figures/maps/inundation/inundation_frequency_by_vegetation_group.png,1,84620,full_file,8b24a59bf65f82e0255ff274ea6af2c40a120dd27791eee06a5f21ef761e67d7,8b24a59bf65f82e0255ff274ea6af2c40a120dd27791eee06a5f21ef761e67d7,1
figure_00067,figure_asset,Output/figures/maps/inundation/inundation_post_minus_pre_change_main_deck.png,1,455556,full_file,d29628345764b38bf040a3f7a9c786b820ae427d59a434afd17c92b9fbea769c,d29628345764b38bf040a3f7a9c786b820ae427d59a434afd17c92b9fbea769c,1
figure_00068,figure_asset,Output/figures/maps/inundation/inundation_post_minus_pre_change_with_paddocks.png,1,647455,full_file,fbe842fc76175f01327048b0f3ac96c81be34377eb4087fad345c6b9114e5528,fbe842fc76175f01327048b0f3ac96c81be34377eb4087fad345c6b9114e5528,1
figure_00069,figure_asset,Output/figures/maps/inundation/inundation_pre_post_frequency_main_deck.png,1,627138,full_file,568f0041eca35ba3dabb193d1ba5ecf6ef2d9937351e35baf87625db2ba0375b,568f0041eca35ba3dabb193d1ba5ecf6ef2d9937351e35baf87625db2ba0375b,1
figure_00070,figure_asset,Output/figures/maps/inundation/plot_level_inundation_change_with_paddocks.png,1,350359,full_file,a80f0ee0f84f75783803ef1f35fb6e659b808c9f28c5169ce360a62cc96c7b40,a80f0ee0f84f75783803ef1f35fb6e659b808c9f28c5169ce360a62cc96c7b40,1
figure_00071,figure_asset,Output/figures/maps/inundation/matched_year_inundation_comparison_main_deck.png,1,447732,full_file,ebacf0c96aa4dc372ab99655d72083b307731be5cd7366fef86ce7e5c7f47fca,ebacf0c96aa4dc372ab99655d72083b307731be5cd7366fef86ce7e5c7f47fca,1
figure_00072,figure_asset,Output/figures/maps/inundation/matched_year_paired_summary_by_veg_group.png,1,130080,full_file,f40cc225c990eafb9fb103598a29f1b5116ff1d144c943585fb4240cce636215,f40cc225c990eafb9fb103598a29f1b5116ff1d144c943585fb4240cce636215,1
figure_00073,figure_asset,Output/figures/maps/MER/mer_annual_max_observed_wet_example.png,1,159075,full_file,8c6d989922bddf61273982786cb1b2157f0e5d8b893687e439d07853a77ae6c2,8c6d989922bddf61273982786cb1b2157f0e5d8b893687e439d07853a77ae6c2,1
figure_00074,figure_asset,Output/figures/maps/MER/mer_pre_post_annual_max_frequency_main_deck.png,1,258552,full_file,238b53b4735189ad73246f02833d37cb37b36842dc4792cf4d1d0cc8c6806980,238b53b4735189ad73246f02833d37cb37b36842dc4792cf4d1d0cc8c6806980,1
figure_00075,figure_asset,Output/figures/maps/MER/mer_post_minus_pre_annual_max_change_main_deck.png,1,227471,full_file,99abcc76ab3140c54f4446e48da015c666b9eef383a1ce6be4d448e5276b5257,99abcc76ab3140c54f4446e48da015c666b9eef383a1ce6be4d448e5276b5257,1
figure_00076,figure_asset,Output/figures/maps/MER/mer_raster_vs_annual_occurrence_change_comparison.png,1,335334,full_file,509f4b963b19e7d52ad8906b230c10d42bc52c6bd67e01fabde3cb2cd0c6a6aa,509f4b963b19e7d52ad8906b230c10d42bc52c6bd67e01fabde3cb2cd0c6a6aa,1
figure_00077,figure_asset,Output/figures/review/redesigned_dashboards/dashboard_redesigned_GA_001.png,1,304280,full_file,963079dd8fad81fc4be82e3d96ab5bc43e42406f6042e0dcc22e1610f1d23b90,963079dd8fad81fc4be82e3d96ab5bc43e42406f6042e0dcc22e1610f1d23b90,1
figure_00078,figure_asset,Output/figures/review/redesigned_dashboards/dashboard_redesigned_GA_003.png,1,275369,full_file,79d06f29b8c8c51150e2095c10884308b3ec3e2c72f8909f252251d4b9c8bc31,79d06f29b8c8c51150e2095c10884308b3ec3e2c72f8909f252251d4b9c8bc31,1
figure_00079,figure_asset,Output/figures/review/redesigned_dashboards/dashboard_redesigned_GA_012.png,1,274377,full_file,0bed3bdeef670eefb23ae626def368a621756952fd86392dfd1ece0fa384423a,0bed3bdeef670eefb23ae626def368a621756952fd86392dfd1ece0fa384423a,1
figure_00080,figure_asset,Output/figures/review/redesigned_dashboards/dashboard_redesigned_GA_019.png,1,255928,full_file,ee3d1e51e10bca0fd944d33a6a1068ac3964263d4588a69016a8218ece83d0a6,ee3d1e51e10bca0fd944d33a6a1068ac3964263d4588a69016a8218ece83d0a6,1
figure_00081,figure_asset,Output/figures/review/redesigned_dashboards/dashboard_redesigned_GA_026.png,1,251520,full_file,22e461ccc0cb2f6c7874b76013e16974d11081c4c496fd4ff6aad1d98ee15fbb,22e461ccc0cb2f6c7874b76013e16974d11081c4c496fd4ff6aad1d98ee15fbb,1
figure_00082,figure_asset,Output/figures/review/redesigned_dashboards/dashboard_redesigned_GA_032.png,1,265713,full_file,e08f9179e9a14f1640a10bbfdc8e29e4fcf5bd2d93e49b77c60a19e416c53950,e08f9179e9a14f1640a10bbfdc8e29e4fcf5bd2d93e49b77c60a19e416c53950,1
figure_00083,figure_asset,Output/figures/review/redesigned_dashboards/dashboard_redesigned_GA_035.png,1,257398,full_file,39ba33717e9f70ae0f934932796eccd8a4fb7e74e696f8b3b4c7f880bcf12266,39ba33717e9f70ae0f934932796eccd8a4fb7e74e696f8b3b4c7f880bcf12266,1
figure_00084,figure_asset,Output/figures/review/redesigned_dashboards/dashboard_redesigned_GA_043.png,1,247137,full_file,0be715c60641bf4b7a8da6f33ab89f9e715a3ca749af63a08e5cd54dc60ccb7f,0be715c60641bf4b7a8da6f33ab89f9e715a3ca749af63a08e5cd54dc60ccb7f,1
figure_00085,figure_asset,Output/figures/review/redesigned_dashboards/dashboard_redesigned_GA_052.png,1,259946,full_file,aca600439823258cb1d24a26079f7b0e1034f8bb8d74f626123290f3b98215e5,aca600439823258cb1d24a26079f7b0e1034f8bb8d74f626123290f3b98215e5,1
figure_00086,figure_asset,Output/figures/review/redesigned_dashboards/dashboard_redesigned_GA_065.png,1,286652,full_file,88023ee5237e5124108dc0bb46aa156b028cc6a7a278c6a93fa138da527b9c89,88023ee5237e5124108dc0bb46aa156b028cc6a7a278c6a93fa138da527b9c89,1
figure_00087,figure_asset,Output/figures/review/MER/mer_vs_annual_occurrence_main_deck_comparison.png,1,443053,full_file,4d74409aa38ee1b6d9e2754d62bee8060a644596bff46bd0dd02f0fc16c894c4,4d74409aa38ee1b6d9e2754d62bee8060a644596bff46bd0dd02f0fc16c894c4,1
figure_00088,figure_asset,Output/figures/review/MER/mer_metric_summary_main_deck.png,1,347101,full_file,ab0a7f79d82ea2435c8bfc57b354938e9cb9d3b2cbf6ef03c7332f3d56595faf,ab0a7f79d82ea2435c8bfc57b354938e9cb9d3b2cbf6ef03c7332f3d56595faf,1
figure_00089,figure_asset,Output/figures/review/MER/mer_metric_keep_defer_summary_review.png,1,185070,full_file,c56057d6871bd4758eef48cbf43dbbfc71f5ef2fffe1567e808fee3123e2ee5c,c56057d6871bd4758eef48cbf43dbbfc71f5ef2fffe1567e808fee3123e2ee5c,1
figure_00090,figure_asset,Output/figures/review/MER/raster_build/mer_raster_observation_cadence_by_water_year.png,1,119060,full_file,b54b12d41b905d8b2c3cfd45730a457a44661c1399bd419739e6722e6fccd3bd,b54b12d41b905d8b2c3cfd45730a457a44661c1399bd419739e6722e6fccd3bd,1
figure_00091,figure_asset,Output/figures/review/MER/raster_build/mer_raster_grid_compatibility_summary.png,1,78121,full_file,2f0b8b906f65857e89acfc21f743d3960adf009ce015d2bdd4bdfed71b63b736,2f0b8b906f65857e89acfc21f743d3960adf009ce015d2bdd4bdfed71b63b736,1
figure_00092,figure_asset,Output/figures/review/MER/raster_build/mer_raster_build_readiness_summary.png,1,31682,full_file,9aa0d1ff97e451d917778a6e0336eb5574b03e840988f2dd31136ec063ab3a61,9aa0d1ff97e451d917778a6e0336eb5574b03e840988f2dd31136ec063ab3a61,1
figure_00093,figure_asset,Output/figures/review/MER/raster_build/mer_raster_smoke_test_qa.png,1,103831,full_file,2535e062af522161dbea933b00ea81d8d6eff4334919d3055514884360e7707b,2535e062af522161dbea933b00ea81d8d6eff4334919d3055514884360e7707b,1
figure_00094,figure_asset,Output/figures/plots/RS_coverage/07e_pre_post_inundation_frequency_maps.png,1,188603,full_file,64dff0455d45da7a7215933e23cec6daf6907f1ea41d1863523388ffb36cc13c,64dff0455d45da7a7215933e23cec6daf6907f1ea41d1863523388ffb36cc13c,1
figure_00095,figure_asset,Output/figures/plots/RS_coverage/06c_daily_inundation_full_cloud_shadow_heatmap.png,1,866220,full_file,5817c008016bb7114020e10c86ea4deba72692eb4283fa711c3354939dd342d5,5817c008016bb7114020e10c86ea4deba72692eb4283fa711c3354939dd342d5,1
figure_00096,figure_asset,Output/figures/plots/RS_coverage/06c_daily_inundation_full_valid_interpretation_heatmap.png,1,888843,full_file,e8bf296744ce1e55b7d2e9014ab0a5a989dea2c7cb86e3d357585ef2c4ff32b3,e8bf296744ce1e55b7d2e9014ab0a5a989dea2c7cb86e3d357585ef2c4ff32b3,1
figure_00097,figure_asset,Output/figures/plots/RS_coverage/06c_daily_inundation_full_mean_inundated_by_sensor.png,1,266259,full_file,ea98a339c0e97fcaf3b03048d86d38ef63b446a04c73ea23971f2528d54f9ce1,ea98a339c0e97fcaf3b03048d86d38ef63b446a04c73ea23971f2528d54f9ce1,1
figure_00098,figure_asset,Output/figures/plots/RS_coverage/06c_daily_inundation_full_value_area_by_sensor.png,1,459879,full_file,19f42550b1c266ebf221b4d0ff4d2ac6b357a6654225f7d1acae918ce230ad18,19f42550b1c266ebf221b4d0ff4d2ac6b357a6654225f7d1acae918ce230ad18,1
figure_00099,figure_asset,Output/figures/plots/RS_coverage/06c_daily_inundation_full_daily_inundated_heatmap.png,1,877426,full_file,6b37d032040952d1b411255180813194e8c06292cd976c6cc369a80fc25d49ca,6b37d032040952d1b411255180813194e8c06292cd976c6cc369a80fc25d49ca,1
figure_00100,figure_asset,Output/figures/plots/RS_coverage/05c_landsat_inundation_full_majority_count_heatmap.png,1,205486,full_file,78d0e321fa6c0561f7c4987dab8ac7f22d1a0f542102b81591abe7878a197ed2,78d0e321fa6c0561f7c4987dab8ac7f22d1a0f542102b81591abe7878a197ed2,1
figure_00101,figure_asset,Output/figures/plots/RS_coverage/05c_landsat_inundation_full_count_area_by_treatment.png,1,516253,full_file,e2ea88d4abc893e21e5d20c361d207646483524309316c36c87f2ed71e6d916e,e2ea88d4abc893e21e5d20c361d207646483524309316c36c87f2ed71e6d916e,1
figure_00102,figure_asset,Output/figures/plots/RS_coverage/05c_landsat_inundation_full_mean_inundated_any_by_treatment.png,1,358495,full_file,b33a91f75cc647a42666692012c625e10d8c7e9b728e37c1b1855e6092adcfcc,b33a91f75cc647a42666692012c625e10d8c7e9b728e37c1b1855e6092adcfcc,1
figure_00103,figure_asset,Output/figures/plots/RS_coverage/05c_landsat_inundation_full_inundated_any_heatmap.png,1,217187,full_file,d6c60403042934115b2568f3107c3ac614bb22c4d3c18735414766732c838745,d6c60403042934115b2568f3107c3ac614bb22c4d3c18735414766732c838745,1
figure_00104,figure_asset,Output/figures/plots/RS_coverage/04c_fractional_cover_full_missingness_heatmap.png,1,364382,full_file,fd0f4d43a0660dfc354da25fcea70949d5bcb37115a8061db8bb941d52c411bd,fd0f4d43a0660dfc354da25fcea70949d5bcb37115a8061db8bb941d52c411bd,1
figure_00105,figure_asset,Output/figures/plots/RS_coverage/04c_fractional_cover_full_missingness_by_raster.png,1,80564,full_file,d8d03441d367125490156f92151f59a8996001f12901463c079bd3dbbf62d7a3,d8d03441d367125490156f92151f59a8996001f12901463c079bd3dbbf62d7a3,1
figure_00106,figure_asset,Output/figures/plots/RS_coverage/04c_fractional_cover_full_valid_coverage_by_plot.png,1,310855,full_file,609a9ca1247c4c1d2865526a13a31668a79256b843212b89bdcf86084cada712,609a9ca1247c4c1d2865526a13a31668a79256b843212b89bdcf86084cada712,1
figure_00107,figure_asset,Output/figures/plots/hydrology/gauge_context_monthly_flow_primary_gauges.png,1,332360,full_file,89083dbf4567b60c193f08d6ff4365299cb3b3be6f1f89c5e63a63403130ea04,89083dbf4567b60c193f08d6ff4365299cb3b3be6f1f89c5e63a63403130ea04,1
figure_00108,figure_asset,Output/figures/plots/hydrology/gauge_context_water_year_flow_primary_gauges.png,1,251195,full_file,7287238ae00343a2c876e495f232db829e9e42c2cf000a37763922fe98c05b02,7287238ae00343a2c876e495f232db829e9e42c2cf000a37763922fe98c05b02,1
figure_00109,figure_asset,Output/figures/plots/hydrology/gauge_flow_vs_annual_inundation_frequency.png,1,131851,full_file,0227e25447e13ad642b30db32e94e2c400ead98eda93d1cb542dd5fe6c88d418,0227e25447e13ad642b30db32e94e2c400ead98eda93d1cb542dd5fe6c88d418,1
figure_00110,figure_asset,Output/figures/plots/hydrology/gauge_flow_vs_total_vegetation_examples.png,1,138821,full_file,46ed9440fe7f63793f980e387575e3e0f811d4a0f28c86075e581e501e36d32c,46ed9440fe7f63793f980e387575e3e0f811d4a0f28c86075e581e501e36d32c,1
figure_00111,figure_asset,Output/figures/plots/hydrology/gauge_missingness_context.png,1,200463,full_file,764527e766a03899b4bead38fadfeabb90d9fd2183efd38b9ad06e5d80fb6e65,764527e766a03899b4bead38fadfeabb90d9fd2183efd38b9ad06e5d80fb6e65,1
figure_00112,figure_asset,Output/figures/plots/hydrology/kingsford_style_flow_ratios_for_review.png,1,207433,full_file,52a95657b5ca9a158b2ec2142a5489ca1fa64e35b39d18764d148b52d1ac4b18,52a95657b5ca9a158b2ec2142a5489ca1fa64e35b39d18764d148b52d1ac4b18,1
figure_00113,figure_asset,Output/figures/plots/MODIS_ground_cover/modis_whole_farm_monthly_timeseries.png,1,619671,full_file,40d8147c6862a706e1afed9dd9a700d622b800dda616f48c016dfecc9103ddec,40d8147c6862a706e1afed9dd9a700d622b800dda616f48c016dfecc9103ddec,1
figure_00114,figure_asset,Output/figures/plots/MODIS_ground_cover/modis_farm_vs_buffer_total_veg_timeseries.png,1,500485,full_file,c4226da58216fde4fc0602245fc1d745b48634758169ae839519dad2c88f01bd,c4226da58216fde4fc0602245fc1d745b48634758169ae839519dad2c88f01bd,1
figure_00115,figure_asset,Output/figures/plots/MODIS_ground_cover/modis_farm_vs_buffer_bare_ground_timeseries.png,1,511359,full_file,2b22d41677e78a6a55ec6895ea3382cccb3d4b513b1c2a62429cc49267dfb0b9,2b22d41677e78a6a55ec6895ea3382cccb3d4b513b1c2a62429cc49267dfb0b9,1
figure_00116,figure_asset,Output/figures/plots/MODIS_ground_cover/modis_water_year_total_veg_summary.png,1,217248,full_file,16229816ad86bbc59517673f4657c068a0ebb2386da3c458b739e36dd0c93dbe,16229816ad86bbc59517673f4657c068a0ebb2386da3c458b739e36dd0c93dbe,1
figure_00117,figure_asset,Output/figures/plots/MODIS_ground_cover/modis_water_year_bare_ground_summary.png,1,213767,full_file,366b5add0cff52ecc0271df0221d883eb5946174320449ac5ead798b2e5e8a2d,366b5add0cff52ecc0271df0221d883eb5946174320449ac5ead798b2e5e8a2d,1
figure_00118,figure_asset,Output/figures/plots/MODIS_ground_cover/modis_management_zone_support.png,1,470497,full_file,d821820ca88373ffa6283ec02f82f30f5c9329ef82052a9541aa024082286a17,d821820ca88373ffa6283ec02f82f30f5c9329ef82052a9541aa024082286a17,1
figure_00119,figure_asset,Output/figures/plots/MODIS_ground_cover/modis_selected_management_zone_timeseries.png,1,950699,full_file,d8685471f0376b9844704bd5c43b70e94c88b03074832f731b69b84d3932732f,d8685471f0376b9844704bd5c43b70e94c88b03074832f731b69b84d3932732f,1
figure_00120,figure_asset,Output/figures/plots/MODIS_ground_cover/modis_period_summary_prepost.png,1,83655,full_file,fa5e6a10e84f7fe693e28184654cb872b3c430ec8d3107ccaa346f4ae251c89f,fa5e6a10e84f7fe693e28184654cb872b3c430ec8d3107ccaa346f4ae251c89f,1
figure_00121,figure_asset,Output/figures/plots/MODIS_ground_cover/modis_whole_farm_total_veg_bare_water_year_refined.png,1,196479,full_file,5075804096e4c4b0c18c9c7c53dcd03c6d45ab971aadd6f9aa82597b7bf5d379,5075804096e4c4b0c18c9c7c53dcd03c6d45ab971aadd6f9aa82597b7bf5d379,1
figure_00122,figure_asset,Output/figures/plots/MODIS_ground_cover/modis_whole_farm_monthly_anomaly_refined.png,1,438807,full_file,02a05db15361854d5d605abdc01b6671899c576df4ebe9dbfa173927f3f8a8f1,02a05db15361854d5d605abdc01b6671899c576df4ebe9dbfa173927f3f8a8f1,1
figure_00123,figure_asset,Output/figures/plots/MODIS_ground_cover/modis_farm_minus_buffer_total_veg_anomaly.png,1,399027,full_file,a28347cf4545569e0d587d335c33b35aaff56176a53dd0d28ab9bcfaefcbe252,a28347cf4545569e0d587d335c33b35aaff56176a53dd0d28ab9bcfaefcbe252,1
figure_00124,figure_asset,Output/figures/plots/MODIS_ground_cover/modis_farm_minus_buffer_bare_anomaly.png,1,390980,full_file,8e98882b7d22fd655fad62ca415a577169275fdc703f46f12a24fd6efff81851,8e98882b7d22fd655fad62ca415a577169275fdc703f46f12a24fd6efff81851,1
figure_00125,figure_asset,Output/figures/plots/MODIS_ground_cover/modis_management_zone_support_simplified.png,1,177550,full_file,0d108dbe7b8b2c0bc79dee6474b707afd88504e71d686d6d078e96502c098619,0d108dbe7b8b2c0bc79dee6474b707afd88504e71d686d6d078e96502c098619,1
figure_00126,figure_asset,Output/figures/plots/MODIS_ground_cover/modis_selected_management_zone_timeseries_refined.png,1,1057990,full_file,b16cd95c766eacb4baf53d4235da05b9ad5a3ad35d5071662c5e290e2b2403e0,b16cd95c766eacb4baf53d4235da05b9ad5a3ad35d5071662c5e290e2b2403e0,1
figure_00127,figure_asset,Output/figures/plots/ground_cover/gc_total_veg_with_gauge_context_main_deck.png,1,423686,full_file,7091419bd65ce58f2321faf5718751fd5553e507f04ad9614a1b184a56bf68e1,7091419bd65ce58f2321faf5718751fd5553e507f04ad9614a1b184a56bf68e1,1
figure_00128,figure_asset,Output/figures/plots/ground_cover/inundation_change_vs_total_veg_by_vegetation_group.png,1,156818,full_file,68029ba3d9a544c4456a0c2ca4f59e2e78d04487f55d597d7c81c075de8531fb,68029ba3d9a544c4456a0c2ca4f59e2e78d04487f55d597d7c81c075de8531fb,1
figure_00129,figure_asset,Output/figures/plots/ground_cover/inundation_change_vs_total_veg_by_wetness_group.png,1,148205,full_file,55b9ae28f37c5553eae2ff40bf321455fe5998d3d15de16c1c697b1a88aa7d5e,55b9ae28f37c5553eae2ff40bf321455fe5998d3d15de16c1c697b1a88aa7d5e,1
figure_00130,figure_asset,Output/figures/plots/ground_cover/lag_timing_zoom_2013_current_main_deck.png,1,230939,full_file,cde00531864fff0220633c519f3bb0bfbde90d113ace834ffec9ccaa2f924127,cde00531864fff0220633c519f3bb0bfbde90d113ace834ffec9ccaa2f924127,1
figure_00131,figure_asset,Output/figures/plots/ground_cover/selected_plot_total_veg_inundation_gauge_examples.png,1,460289,full_file,e2454eff6313fe4c0b9950a01cc3f146c23246886ae8a4661411622959e53c3b,e2454eff6313fe4c0b9950a01cc3f146c23246886ae8a4661411622959e53c3b,1
figure_00132,figure_asset,Output/figures/plots/MER/mer_observation_support_by_water_year.png,1,104940,full_file,4abfc048e41229d5bcc5129f3d3b9842cf7732c530de9a2e7db1a36ccc392dc9,4abfc048e41229d5bcc5129f3d3b9842cf7732c530de9a2e7db1a36ccc392dc9,1
figure_00133,figure_asset,Output/figures/plots/MER/mer_vs_annual_occurrence_plot_agreement.png,1,66555,full_file,1127d5f5524eb676277b5fbf41eb0d137e27ef19eaff5253628bf6bfbf39f262,1127d5f5524eb676277b5fbf41eb0d137e27ef19eaff5253628bf6bfbf39f262,1
figure_00134,figure_asset,Output/figures/plots/MER/mer_post_minus_pre_by_vegetation_group.png,1,71560,full_file,65504f41cca4b859c0cccbd885b88894f7b8ab0d1dbe20df38ed9b57b8a3f443,65504f41cca4b859c0cccbd885b88894f7b8ab0d1dbe20df38ed9b57b8a3f443,1
figure_00135,figure_asset,Output/figures/plots/MER/mer_annual_max_heatmap_appendix.png,1,101838,full_file,55f776f8175e5a18ba0ef7d5a255be217fc52307222601e0f0765aa8b0c6531a,55f776f8175e5a18ba0ef7d5a255be217fc52307222601e0f0765aa8b0c6531a,1
figure_00136,figure_asset,Output/figures/plots/MER/mer_observation_support_sensor_note_appendix.png,1,99117,full_file,ff6f804db038c805cd6a47ae745e40964d2b13daad8b7cc3d96709d15d80fe3b,ff6f804db038c805cd6a47ae745e40964d2b13daad8b7cc3d96709d15d80fe3b,1
figure_00137,figure_asset,Output/figures/review_deck/main_deck/gayini_analysis_workflow_summary.png,1,85684,full_file,09d1d6bdbaae3b7923186d4fa472217736ede162ce3d4020554a08fb6c890441,09d1d6bdbaae3b7923186d4fa472217736ede162ce3d4020554a08fb6c890441,1
figure_00138,figure_asset,Output/figures/review_deck/main_deck/gayini_hydrology_inundation_vegetation_synthesis.png,1,102368,full_file,d12a818387e9a67fd98bfd42b79a211e294bff955b4642589d473f065bd278e0,d12a818387e9a67fd98bfd42b79a211e294bff955b4642589d473f065bd278e0,1
figure_00139,figure_asset,Output/figures/review_deck/appendix/inundation_change_vs_bare_ground_appendix_only.png,1,146407,full_file,231266b6c9f698d340018a813a1d7d0176eea975488adae1d5dab357c75edc4a,231266b6c9f698d340018a813a1d7d0176eea975488adae1d5dab357c75edc4a,1
raster_00001,raster_asset,Output/rasters/inundation_pre_post/pre_conservation_inundation_frequency_pct.tif,1,851856,full_file,9806d5a44eb680defe3b56001482ebdc324ddbed6c59e529201fe12e1caece24,9806d5a44eb680defe3b56001482ebdc324ddbed6c59e529201fe12e1caece24,1
raster_00002,raster_asset,Output/rasters/inundation_pre_post/pre_conservation_wet_year_count.tif,1,823264,full_file,fe24e5c90b15e99f1e4d815984d916249611dd4141069bc9ce49b181182ad29a,fe24e5c90b15e99f1e4d815984d916249611dd4141069bc9ce49b181182ad29a,1
raster_00003,raster_asset,Output/rasters/inundation_pre_post/pre_conservation_valid_year_count.tif,1,433310,full_file,57ca548d66965583c06b518df468d9740ba6aae7375684f1b18dcf260d9904e9,57ca548d66965583c06b518df468d9740ba6aae7375684f1b18dcf260d9904e9,1
raster_00004,raster_asset,Output/rasters/inundation_pre_post/post_conservation_inundation_frequency_pct.tif,1,1000065,full_file,c5066896b7174de444d020d91cba058af2174ac480c554b1b5404b57ddc2537a,c5066896b7174de444d020d91cba058af2174ac480c554b1b5404b57ddc2537a,1
raster_00005,raster_asset,Output/rasters/inundation_pre_post/post_conservation_wet_year_count.tif,1,958537,full_file,6f81b793b943f20b274b702c04d363aaaf3c9b4db9cf779fd69ffa20dcaf9a03,6f81b793b943f20b274b702c04d363aaaf3c9b4db9cf779fd69ffa20dcaf9a03,1
raster_00006,raster_asset,Output/rasters/inundation_pre_post/post_conservation_valid_year_count.tif,1,433313,full_file,72ff888e7c33fbb0b5520b7e333941c10fbe0a769a0db39b2021d676a2a7603f,72ff888e7c33fbb0b5520b7e333941c10fbe0a769a0db39b2021d676a2a7603f,1
raster_00007,raster_asset,Output/rasters/inundation_pre_post/post_minus_pre_inundation_frequency_pct_points.tif,1,1007112,full_file,4c5a81d2854b5faddf86b19341b6e68afd92b16b313226e1ae047400e90be25c,4c5a81d2854b5faddf86b19341b6e68afd92b16b313226e1ae047400e90be25c,1
raster_00008,raster_asset,Output/rasters/inundation_pre_post/annual/annual_inundated_any_post_conservation__2020.tif,1,518359,full_file,c3748652e3376c112608f322a0f064e535b6d1e7598601200b9faefafb44841b,c3748652e3376c112608f322a0f064e535b6d1e7598601200b9faefafb44841b,1
raster_00009,raster_asset,Output/rasters/inundation_pre_post/annual/annual_valid_any_post_conservation__2020.tif,1,587557,full_file,34f1452baf543a9ecf74963d52684a3c758b71e6de0b9f056e9c620f189a5f9d,34f1452baf543a9ecf74963d52684a3c758b71e6de0b9f056e9c620f189a5f9d,1
raster_00010,raster_asset,Output/rasters/inundation_pre_post/annual/annual_inundated_any_post_conservation__2021.tif,1,576095,full_file,dd532696754e1d2fa68e4e85044d28917fd4a3f6cf1b5d87d9b0e1cbdf361ccc,dd532696754e1d2fa68e4e85044d28917fd4a3f6cf1b5d87d9b0e1cbdf361ccc,1
raster_00011,raster_asset,Output/rasters/inundation_pre_post/annual/annual_valid_any_post_conservation__2021.tif,1,587557,full_file,34f1452baf543a9ecf74963d52684a3c758b71e6de0b9f056e9c620f189a5f9d,34f1452baf543a9ecf74963d52684a3c758b71e6de0b9f056e9c620f189a5f9d,1
raster_00012,raster_asset,Output/rasters/inundation_pre_post/annual/annual_inundated_any_post_conservation__2022.tif,1,643925,full_file,31b12672e16f56e7711d02176d9ee9055105630ff04620b1cb0391a84a3d6863,31b12672e16f56e7711d02176d9ee9055105630ff04620b1cb0391a84a3d6863,1
raster_00013,raster_asset,Output/rasters/inundation_pre_post/annual/annual_valid_any_post_conservation__2022.tif,1,587557,full_file,34f1452baf543a9ecf74963d52684a3c758b71e6de0b9f056e9c620f189a5f9d,34f1452baf543a9ecf74963d52684a3c758b71e6de0b9f056e9c620f189a5f9d,1
raster_00014,raster_asset,Output/rasters/inundation_pre_post/annual/annual_inundated_any_post_conservation__2023.tif,1,626495,full_file,eaf41688969184ee279ed7d033187fd6c8d64ecdb95908dea186238d538ba7d2,eaf41688969184ee279ed7d033187fd6c8d64ecdb95908dea186238d538ba7d2,1
raster_00015,raster_asset,Output/rasters/inundation_pre_post/annual/annual_valid_any_post_conservation__2023.tif,1,587557,full_file,34f1452baf543a9ecf74963d52684a3c758b71e6de0b9f056e9c620f189a5f9d,34f1452baf543a9ecf74963d52684a3c758b71e6de0b9f056e9c620f189a5f9d,1
raster_00016,raster_asset,Output/rasters/inundation_pre_post/annual/annual_inundated_any_post_conservation__2024.tif,1,573971,full_file,2ec1450eeb7795579f83a54d711163d8845e66a83af6bcd800e4a02c1431219d,2ec1450eeb7795579f83a54d711163d8845e66a83af6bcd800e4a02c1431219d,1
raster_00017,raster_asset,Output/rasters/inundation_pre_post/annual/annual_valid_any_post_conservation__2024.tif,1,587557,full_file,34f1452baf543a9ecf74963d52684a3c758b71e6de0b9f056e9c620f189a5f9d,34f1452baf543a9ecf74963d52684a3c758b71e6de0b9f056e9c620f189a5f9d,1
raster_00018,raster_asset,Output/rasters/inundation_pre_post/annual/annual_inundated_any_post_conservation__2025.tif,1,528953,full_file,e3963aab1b56903ed637dd94045ee676705a49fe2e1bffc4ec9cfa3c297831a4,e3963aab1b56903ed637dd94045ee676705a49fe2e1bffc4ec9cfa3c297831a4,1
raster_00019,raster_asset,Output/rasters/inundation_pre_post/annual/annual_valid_any_post_conservation__2025.tif,1,587557,full_file,34f1452baf543a9ecf74963d52684a3c758b71e6de0b9f056e9c620f189a5f9d,34f1452baf543a9ecf74963d52684a3c758b71e6de0b9f056e9c620f189a5f9d,1
raster_00020,raster_asset,Output/rasters/inundation_pre_post/annual/annual_inundated_any_pre_conservation__2014.tif,1,528429,full_file,a05e684918a1b545ead6e11b52b59f0be06386da3788b712df00e02f0421b329,a05e684918a1b545ead6e11b52b59f0be06386da3788b712df00e02f0421b329,1
raster_00021,raster_asset,Output/rasters/inundation_pre_post/annual/annual_valid_any_pre_conservation__2014.tif,1,587557,full_file,34f1452baf543a9ecf74963d52684a3c758b71e6de0b9f056e9c620f189a5f9d,34f1452baf543a9ecf74963d52684a3c758b71e6de0b9f056e9c620f189a5f9d,1
raster_00022,raster_asset,Output/rasters/inundation_pre_post/annual/annual_inundated_any_pre_conservation__2015.tif,1,543999,full_file,aebbb4b4a496daeadf6d830eab554c560c6de50ec26a475a3a5e64dd5d8b5b9c,aebbb4b4a496daeadf6d830eab554c560c6de50ec26a475a3a5e64dd5d8b5b9c,1
raster_00023,raster_asset,Output/rasters/inundation_pre_post/annual/annual_valid_any_pre_conservation__2015.tif,1,587557,full_file,34f1452baf543a9ecf74963d52684a3c758b71e6de0b9f056e9c620f189a5f9d,34f1452baf543a9ecf74963d52684a3c758b71e6de0b9f056e9c620f189a5f9d,1
raster_00024,raster_asset,Output/rasters/inundation_pre_post/annual/annual_inundated_any_pre_conservation__2016.tif,1,516275,full_file,6597e489296567a9fa21fc755ef93a7eaf4a9afb4b16eb1230b0cbe4cfd721aa,6597e489296567a9fa21fc755ef93a7eaf4a9afb4b16eb1230b0cbe4cfd721aa,1
raster_00025,raster_asset,Output/rasters/inundation_pre_post/annual/annual_valid_any_pre_conservation__2016.tif,1,587557,full_file,34f1452baf543a9ecf74963d52684a3c758b71e6de0b9f056e9c620f189a5f9d,34f1452baf543a9ecf74963d52684a3c758b71e6de0b9f056e9c620f189a5f9d,1
raster_00026,raster_asset,Output/rasters/inundation_pre_post/annual/annual_inundated_any_pre_conservation__2017.tif,1,621187,full_file,927533d33fa6c18d4455c855c8b5d1d9e822b47e2f361c13e95c37d7ef859508,927533d33fa6c18d4455c855c8b5d1d9e822b47e2f361c13e95c37d7ef859508,1
raster_00027,raster_asset,Output/rasters/inundation_pre_post/annual/annual_valid_any_pre_conservation__2017.tif,1,587557,full_file,34f1452baf543a9ecf74963d52684a3c758b71e6de0b9f056e9c620f189a5f9d,34f1452baf543a9ecf74963d52684a3c758b71e6de0b9f056e9c620f189a5f9d,1
raster_00028,raster_asset,Output/rasters/inundation_pre_post/annual/annual_inundated_any_pre_conservation__2018.tif,1,525621,full_file,8d08d344db6d48dff4d9e1ebfd2c2fa591e3723d6ccd6ee796dc592bee9c5083,8d08d344db6d48dff4d9e1ebfd2c2fa591e3723d6ccd6ee796dc592bee9c5083,1
raster_00029,raster_asset,Output/rasters/inundation_pre_post/annual/annual_valid_any_pre_conservation__2018.tif,1,587557,full_file,34f1452baf543a9ecf74963d52684a3c758b71e6de0b9f056e9c620f189a5f9d,34f1452baf543a9ecf74963d52684a3c758b71e6de0b9f056e9c620f189a5f9d,1
raster_00030,raster_asset,Output/rasters/inundation_pre_post/annual/annual_inundated_any_pre_conservation__2019.tif,1,521121,full_file,dc936658d09b101d6003f7b6006ae86f4217236e53111a9843e2034e3361bbb5,dc936658d09b101d6003f7b6006ae86f4217236e53111a9843e2034e3361bbb5,1
raster_00031,raster_asset,Output/rasters/inundation_pre_post/annual/annual_valid_any_pre_conservation__2019.tif,1,587557,full_file,34f1452baf543a9ecf74963d52684a3c758b71e6de0b9f056e9c620f189a5f9d,34f1452baf543a9ecf74963d52684a3c758b71e6de0b9f056e9c620f189a5f9d,1
raster_00032,raster_asset,Output/rasters/MER/annual_max/mer_annual_max_observed_inundation_WY2024_strict_value_1_SMOKE_TEST.tif,1,773956,full_file,5a1003e9b42476467813b81e47144c4ff9d582a1b881b6578c401b5e084faac1,5a1003e9b42476467813b81e47144c4ff9d582a1b881b6578c401b5e084faac1,1
raster_00033,raster_asset,Output/rasters/MER/annual_max/mer_annual_max_observed_inundation_WY2025_strict_value_1_SMOKE_TEST.tif,1,43382,full_file,4393aaa4467da8be199536e63f91cee573b5902c1df01b12bf43c35406644b68,4393aaa4467da8be199536e63f91cee573b5902c1df01b12bf43c35406644b68,1
raster_00034,raster_asset,Output/rasters/MER/annual_max/mer_annual_max_observed_wet_WY2014_2015.tif,1,91606,full_file,45f7858ff7daa10ac5f33b842709eff1d036dea0c20fe767849359e499dfbf43,45f7858ff7daa10ac5f33b842709eff1d036dea0c20fe767849359e499dfbf43,1
raster_00035,raster_asset,Output/rasters/MER/annual_max/mer_valid_observation_count_WY2014_2015.tif,1,202206,full_file,4bee7e2a20f696424340aae36e68180ffa685c6d69f0a28543a61e684e1cac31,4bee7e2a20f696424340aae36e68180ffa685c6d69f0a28543a61e684e1cac31,1
raster_00036,raster_asset,Output/rasters/MER/annual_max/mer_wet_observation_count_WY2014_2015.tif,1,221778,full_file,ab5dce9cedec1660e38b71ac9fcfccb481c202829a250e69d6d4e0a736c4f4b1,ab5dce9cedec1660e38b71ac9fcfccb481c202829a250e69d6d4e0a736c4f4b1,1
raster_00037,raster_asset,Output/rasters/MER/annual_max/mer_observation_support_class_WY2014_2015.tif,1,78930,full_file,34f6789ca645a3105663afed75853ee5245ead9da522355ac6f63a0f0fa53393,34f6789ca645a3105663afed75853ee5245ead9da522355ac6f63a0f0fa53393,1
raster_00038,raster_asset,Output/rasters/MER/annual_max/mer_wet_observation_fraction_WY2014_2015.tif,1,498570,full_file,d32a18f6646c6afaf933aaf4feb954bfb0cc4cbedda3677cdbc75b1510e2dcdb,d32a18f6646c6afaf933aaf4feb954bfb0cc4cbedda3677cdbc75b1510e2dcdb,1
raster_00039,raster_asset,Output/rasters/MER/annual_max/mer_annual_max_observed_wet_WY2015_2016.tif,1,112178,full_file,de2b4fdbd8105936f529f02e1cc92eef19847cc7289b5c02632aca75d6740786,de2b4fdbd8105936f529f02e1cc92eef19847cc7289b5c02632aca75d6740786,1
raster_00040,raster_asset,Output/rasters/MER/annual_max/mer_valid_observation_count_WY2015_2016.tif,1,254288,full_file,456e3d32b085d3b2b1371157173908a23d82583f1ecbeebf71802b296ad82d95,456e3d32b085d3b2b1371157173908a23d82583f1ecbeebf71802b296ad82d95,1
raster_00041,raster_asset,Output/rasters/MER/annual_max/mer_wet_observation_count_WY2015_2016.tif,1,280640,full_file,5692eca2c9e8a955c91c8f2772ad307a4634a736ce5d289d231e58143d95fb3f,5692eca2c9e8a955c91c8f2772ad307a4634a736ce5d289d231e58143d95fb3f,1
raster_00042,raster_asset,Output/rasters/MER/annual_max/mer_observation_support_class_WY2015_2016.tif,1,92176,full_file,527605be3cd2442c3055a54bf3e42114f7072ec10491ccd997f09bff42571b57,527605be3cd2442c3055a54bf3e42114f7072ec10491ccd997f09bff42571b57,1
raster_00043,raster_asset,Output/rasters/MER/annual_max/mer_wet_observation_fraction_WY2015_2016.tif,1,560282,full_file,ef60699eb9d2208b351fa8480893d232648e22ad7cc6928c731cd443a268771c,ef60699eb9d2208b351fa8480893d232648e22ad7cc6928c731cd443a268771c,1
raster_00044,raster_asset,Output/rasters/MER/annual_max/mer_annual_max_observed_wet_WY2016_2017.tif,1,129314,full_file,106fc913b7574642803dcee634952cab60d79edf2fdf1b75c9c18c75059336d1,106fc913b7574642803dcee634952cab60d79edf2fdf1b75c9c18c75059336d1,1
raster_00045,raster_asset,Output/rasters/MER/annual_max/mer_valid_observation_count_WY2016_2017.tif,1,290144,full_file,1dabe448ced928ad8e426ac2b9858ef662bedda39903657954379fd6459707fe,1dabe448ced928ad8e426ac2b9858ef662bedda39903657954379fd6459707fe,1
raster_00046,raster_asset,Output/rasters/MER/annual_max/mer_wet_observation_count_WY2016_2017.tif,1,613202,full_file,c61be3380c46ef423dd97419e12ff48887a180665b522ca11b323d62263f8166,c61be3380c46ef423dd97419e12ff48887a180665b522ca11b323d62263f8166,1
raster_00047,raster_asset,Output/rasters/MER/annual_max/mer_observation_support_class_WY2016_2017.tif,1,92176,full_file,7c16628e67802bace9226ca48cec267d8b1b8582fd4588727d4dcfdf3152fe73,7c16628e67802bace9226ca48cec267d8b1b8582fd4588727d4dcfdf3152fe73,1
raster_00048,raster_asset,Output/rasters/MER/annual_max/mer_wet_observation_fraction_WY2016_2017.tif,1,1185026,full_file,e29ad1f5748163eb582a27fa934ae4279e2b371e77b41997fd89afe3657c246b,e29ad1f5748163eb582a27fa934ae4279e2b371e77b41997fd89afe3657c246b,1
raster_00049,raster_asset,Output/rasters/MER/annual_max/mer_annual_max_observed_wet_WY2017_2018.tif,1,117020,full_file,22f7588676f0803f58cd6d0d019aa61d88610190957df88ec105953f578f795d,22f7588676f0803f58cd6d0d019aa61d88610190957df88ec105953f578f795d,1
raster_00050,raster_asset,Output/rasters/MER/annual_max/mer_valid_observation_count_WY2017_2018.tif,1,327654,full_file,4bb765564e7bbfba8bae4312ed9e5fffb2b45967e8bf85f2e41b820b08f47248,4bb765564e7bbfba8bae4312ed9e5fffb2b45967e8bf85f2e41b820b08f47248,1
raster_00051,raster_asset,Output/rasters/MER/annual_max/mer_wet_observation_count_WY2017_2018.tif,1,297772,full_file,c267f11e116c45bb789cbbf5ffa53706a08990393965dacae97b397dc94a68a2,c267f11e116c45bb789cbbf5ffa53706a08990393965dacae97b397dc94a68a2,1
raster_00052,raster_asset,Output/rasters/MER/annual_max/mer_observation_support_class_WY2017_2018.tif,1,92176,full_file,7c16628e67802bace9226ca48cec267d8b1b8582fd4588727d4dcfdf3152fe73,7c16628e67802bace9226ca48cec267d8b1b8582fd4588727d4dcfdf3152fe73,1
raster_00053,raster_asset,Output/rasters/MER/annual_max/mer_wet_observation_fraction_WY2017_2018.tif,1,602600,full_file,8d481c1991bef2cd075e6a296ef7c1a0321af9c150f3d96f01b8f6274599ff43,8d481c1991bef2cd075e6a296ef7c1a0321af9c150f3d96f01b8f6274599ff43,1
raster_00054,raster_asset,Output/rasters/MER/annual_max/mer_annual_max_observed_wet_WY2018_2019.tif,1,117844,full_file,4231d21e30410baa91cf8c04a5cd3009bedf21cffbba209ca54e1df81f950248,4231d21e30410baa91cf8c04a5cd3009bedf21cffbba209ca54e1df81f950248,1
raster_00055,raster_asset,Output/rasters/MER/annual_max/mer_valid_observation_count_WY2018_2019.tif,1,261022,full_file,0ec2fc9d12795392455502c258f56664aca3e7cbe4d70203ddf166963d7afbea,0ec2fc9d12795392455502c258f56664aca3e7cbe4d70203ddf166963d7afbea,1
raster_00056,raster_asset,Output/rasters/MER/annual_max/mer_wet_observation_count_WY2018_2019.tif,1,294614,full_file,07d3aa79ec8f743a14b6fcb525103aaec080fe130497affbfc49f8b57b13f92e,07d3aa79ec8f743a14b6fcb525103aaec080fe130497affbfc49f8b57b13f92e,1
raster_00057,raster_asset,Output/rasters/MER/annual_max/mer_observation_support_class_WY2018_2019.tif,1,92176,full_file,7c16628e67802bace9226ca48cec267d8b1b8582fd4588727d4dcfdf3152fe73,7c16628e67802bace9226ca48cec267d8b1b8582fd4588727d4dcfdf3152fe73,1
raster_00058,raster_asset,Output/rasters/MER/annual_max/mer_wet_observation_fraction_WY2018_2019.tif,1,576900,full_file,6a3dffa5571f8c58e45872586b5f64e89b0b4d0f149880c3d6f2f5a95e63f01a,6a3dffa5571f8c58e45872586b5f64e89b0b4d0f149880c3d6f2f5a95e63f01a,1
raster_00059,raster_asset,Output/rasters/MER/annual_max/mer_annual_max_observed_wet_WY2019_2020.tif,1,116308,full_file,4fc5be948ce859d621acee76907bcb8f163d8a33a08fee6c3cac3fcaad052de2,4fc5be948ce859d621acee76907bcb8f163d8a33a08fee6c3cac3fcaad052de2,1
raster_00060,raster_asset,Output/rasters/MER/annual_max/mer_valid_observation_count_WY2019_2020.tif,1,254290,full_file,5460909919a1a166855388c12086d062bdd1b6871e144d8cabd06adb01274b20,5460909919a1a166855388c12086d062bdd1b6871e144d8cabd06adb01274b20,1
raster_00061,raster_asset,Output/rasters/MER/annual_max/mer_wet_observation_count_WY2019_2020.tif,1,308292,full_file,0286f4f85a3af6552a5ce45e112f6944541cd1eb606cc8b8ac3189508e5e0b4b,0286f4f85a3af6552a5ce45e112f6944541cd1eb606cc8b8ac3189508e5e0b4b,1
raster_00062,raster_asset,Output/rasters/MER/annual_max/mer_observation_support_class_WY2019_2020.tif,1,92176,full_file,7c16628e67802bace9226ca48cec267d8b1b8582fd4588727d4dcfdf3152fe73,7c16628e67802bace9226ca48cec267d8b1b8582fd4588727d4dcfdf3152fe73,1
raster_00063,raster_asset,Output/rasters/MER/annual_max/mer_wet_observation_fraction_WY2019_2020.tif,1,596758,full_file,f5d446b0a10b179c368de8c49e85ecf40add1f4c04fdd7ac16d7e99c2ccc6d90,f5d446b0a10b179c368de8c49e85ecf40add1f4c04fdd7ac16d7e99c2ccc6d90,1
raster_00064,raster_asset,Output/rasters/MER/annual_max/mer_annual_max_observed_wet_WY2020_2021.tif,1,134364,full_file,d56417a6287d80a81eeb32121cacb230ef505fef38b0438d165103832e0a082f,d56417a6287d80a81eeb32121cacb230ef505fef38b0438d165103832e0a082f,1
raster_00065,raster_asset,Output/rasters/MER/annual_max/mer_valid_observation_count_WY2020_2021.tif,1,254290,full_file,bed09a904853e8236cec240bdec70a96d6dbd57e2f4f5e8d0f965895cfea6efb,bed09a904853e8236cec240bdec70a96d6dbd57e2f4f5e8d0f965895cfea6efb,1
raster_00066,raster_asset,Output/rasters/MER/annual_max/mer_wet_observation_count_WY2020_2021.tif,1,421820,full_file,194ad0d1e05d0e980e3be12430072f4088c458ac36e18294811dd8dcbf39dde9,194ad0d1e05d0e980e3be12430072f4088c458ac36e18294811dd8dcbf39dde9,1
raster_00067,raster_asset,Output/rasters/MER/annual_max/mer_observation_support_class_WY2020_2021.tif,1,92176,full_file,7c16628e67802bace9226ca48cec267d8b1b8582fd4588727d4dcfdf3152fe73,7c16628e67802bace9226ca48cec267d8b1b8582fd4588727d4dcfdf3152fe73,1
raster_00068,raster_asset,Output/rasters/MER/annual_max/mer_wet_observation_fraction_WY2020_2021.tif,1,773076,full_file,e09b2a10f40cbfb47e5f96f8229114385d060ef0189cbcad1988ae0eec4e3bec,e09b2a10f40cbfb47e5f96f8229114385d060ef0189cbcad1988ae0eec4e3bec,1
raster_00069,raster_asset,Output/rasters/MER/annual_max/mer_annual_max_observed_wet_WY2021_2022.tif,1,159226,full_file,e16d1bd8759af5fc562f023d4c3027ded65dc14d31d7a289f9f7ec95b875f0b5,e16d1bd8759af5fc562f023d4c3027ded65dc14d31d7a289f9f7ec95b875f0b5,1
raster_00070,raster_asset,Output/rasters/MER/annual_max/mer_valid_observation_count_WY2021_2022.tif,1,254290,full_file,e5e625f6dede3bd7190a78366b143077e1bf512f93dad4f1305294f41b30e071,e5e625f6dede3bd7190a78366b143077e1bf512f93dad4f1305294f41b30e071,1
raster_00071,raster_asset,Output/rasters/MER/annual_max/mer_wet_observation_count_WY2021_2022.tif,1,789038,full_file,50658b5607eb973768281e26a81335ddc07edda5ccb2a615979d60762215fa63,50658b5607eb973768281e26a81335ddc07edda5ccb2a615979d60762215fa63,1
raster_00072,raster_asset,Output/rasters/MER/annual_max/mer_observation_support_class_WY2021_2022.tif,1,92176,full_file,7c16628e67802bace9226ca48cec267d8b1b8582fd4588727d4dcfdf3152fe73,7c16628e67802bace9226ca48cec267d8b1b8582fd4588727d4dcfdf3152fe73,1
raster_00073,raster_asset,Output/rasters/MER/annual_max/mer_wet_observation_fraction_WY2021_2022.tif,1,1344686,full_file,79abde289bc08de4b54e0bcdbde775b5cf523652a2aaadebaac6a7f2095b392f,79abde289bc08de4b54e0bcdbde775b5cf523652a2aaadebaac6a7f2095b392f,1
raster_00074,raster_asset,Output/rasters/MER/annual_max/mer_annual_max_observed_wet_WY2022_2023.tif,1,141350,full_file,18339a6224fea31bd0e682386e82cc967094291b0d6ed77da96e2c61fbd98a35,18339a6224fea31bd0e682386e82cc967094291b0d6ed77da96e2c61fbd98a35,1
raster_00075,raster_asset,Output/rasters/MER/annual_max/mer_valid_observation_count_WY2022_2023.tif,1,301912,full_file,3e02a16520fb9e05d795232be56cc9a284e5cbe5d780ed2450298723efc6df54,3e02a16520fb9e05d795232be56cc9a284e5cbe5d780ed2450298723efc6df54,1
raster_00076,raster_asset,Output/rasters/MER/annual_max/mer_wet_observation_count_WY2022_2023.tif,1,763520,full_file,58bc322c35d40146653a56a055cbe4a295a51c29a589424734bc5ecc7dda63d1,58bc322c35d40146653a56a055cbe4a295a51c29a589424734bc5ecc7dda63d1,1
raster_00077,raster_asset,Output/rasters/MER/annual_max/mer_observation_support_class_WY2022_2023.tif,1,141354,full_file,9755892aba2efc574c25d09566914fd504fadab7a10cd2a1bb36baedea25e8cf,9755892aba2efc574c25d09566914fd504fadab7a10cd2a1bb36baedea25e8cf,1
raster_00078,raster_asset,Output/rasters/MER/annual_max/mer_wet_observation_fraction_WY2022_2023.tif,1,1339918,full_file,6db91a1eb51e194b2c5f5b960d6cd97b2cb3ae38c2ec36015804ca1249baef42,6db91a1eb51e194b2c5f5b960d6cd97b2cb3ae38c2ec36015804ca1249baef42,1
raster_00079,raster_asset,Output/rasters/MER/annual_max/mer_annual_max_observed_wet_WY2023_2024.tif,1,136264,full_file,fa7f00624f6a60d97d7f820326dd7f580598328d2d14c6476770bae4653e4871,fa7f00624f6a60d97d7f820326dd7f580598328d2d14c6476770bae4653e4871,1
raster_00080,raster_asset,Output/rasters/MER/annual_max/mer_valid_observation_count_WY2023_2024.tif,1,261076,full_file,fda8648cdd4a59f04d38ff854d1b973002d175fd36df68d2bec4592b9f3d1af0,fda8648cdd4a59f04d38ff854d1b973002d175fd36df68d2bec4592b9f3d1af0,1
raster_00081,raster_asset,Output/rasters/MER/annual_max/mer_wet_observation_count_WY2023_2024.tif,1,383898,full_file,154929ac030d9d3ea08bbebfede2052dc1facc4216d169d79fa271351263392c,154929ac030d9d3ea08bbebfede2052dc1facc4216d169d79fa271351263392c,1
raster_00082,raster_asset,Output/rasters/MER/annual_max/mer_observation_support_class_WY2023_2024.tif,1,92176,full_file,7c16628e67802bace9226ca48cec267d8b1b8582fd4588727d4dcfdf3152fe73,7c16628e67802bace9226ca48cec267d8b1b8582fd4588727d4dcfdf3152fe73,1
raster_00083,raster_asset,Output/rasters/MER/annual_max/mer_wet_observation_fraction_WY2023_2024.tif,1,731090,full_file,c38292f896145c10e84d26e1c47870f2bcf3a310b8bb325586d379020cd9e200,c38292f896145c10e84d26e1c47870f2bcf3a310b8bb325586d379020cd9e200,1
raster_00084,raster_asset,Output/rasters/MER/annual_max/mer_annual_max_observed_wet_WY2024_2025.tif,1,119426,full_file,007c6e4bff875d83c3e974afcff9e848795094413739a7a1eb39b590402da79e,007c6e4bff875d83c3e974afcff9e848795094413739a7a1eb39b590402da79e,1
raster_00085,raster_asset,Output/rasters/MER/annual_max/mer_valid_observation_count_WY2024_2025.tif,1,254290,full_file,fef1449dab798fa56317b5edfea7488dc8984ffa5ab9e254506a162efaf2ce10,fef1449dab798fa56317b5edfea7488dc8984ffa5ab9e254506a162efaf2ce10,1
raster_00086,raster_asset,Output/rasters/MER/annual_max/mer_wet_observation_count_WY2024_2025.tif,1,303982,full_file,c17cc5ad00efd00c8f550bd5e54e6425b726bda911e5c844b57c685c9655b792,c17cc5ad00efd00c8f550bd5e54e6425b726bda911e5c844b57c685c9655b792,1
raster_00087,raster_asset,Output/rasters/MER/annual_max/mer_observation_support_class_WY2024_2025.tif,1,92176,full_file,7c16628e67802bace9226ca48cec267d8b1b8582fd4588727d4dcfdf3152fe73,7c16628e67802bace9226ca48cec267d8b1b8582fd4588727d4dcfdf3152fe73,1
raster_00088,raster_asset,Output/rasters/MER/annual_max/mer_wet_observation_fraction_WY2024_2025.tif,1,585426,full_file,b07e83ae95c4911f537c37e491d413002d6be7ddd16d3b95185f5b24a35eec5f,b07e83ae95c4911f537c37e491d413002d6be7ddd16d3b95185f5b24a35eec5f,1
raster_00089,raster_asset,Output/rasters/MER/support/mer_observation_count_WY2024_SMOKE_TEST.tif,1,708340,full_file,cb98ce0335a155d2e3ad0546f63e074cc048b0e05113c15d89a5a4858959a7bf,cb98ce0335a155d2e3ad0546f63e074cc048b0e05113c15d89a5a4858959a7bf,1
raster_00090,raster_asset,Output/rasters/MER/support/mer_valid_observation_count_WY2024_SMOKE_TEST.tif,1,733558,full_file,9b528305c434dc53d85cd75591d9ab6cb3ae6cbe96b043590ad2e0936f8d8fed,9b528305c434dc53d85cd75591d9ab6cb3ae6cbe96b043590ad2e0936f8d8fed,1
raster_00091,raster_asset,Output/rasters/MER/support/mer_observation_count_WY2025_SMOKE_TEST.tif,1,78928,full_file,91b24e74bd6b93761ed281ee5a3291b26bd52a3402d233ff1cb2465816087d21,91b24e74bd6b93761ed281ee5a3291b26bd52a3402d233ff1cb2465816087d21,1
raster_00092,raster_asset,Output/rasters/MER/support/mer_valid_observation_count_WY2025_SMOKE_TEST.tif,1,78940,full_file,c3ca9a91fc822e2f4e7bc3ffc59ccac572b825c9b7b589da666866ce456acf7e,c3ca9a91fc822e2f4e7bc3ffc59ccac572b825c9b7b589da666866ce456acf7e,1
raster_00093,raster_asset,Output/rasters/MER/period_summaries/mer_pre_annual_max_observed_frequency_pct.tif,1,783232,full_file,9134700751a2f4fcd740f36a4790b16510754f17b87163c0c37478dea4e42283,9134700751a2f4fcd740f36a4790b16510754f17b87163c0c37478dea4e42283,1
raster_00094,raster_asset,Output/rasters/MER/period_summaries/mer_post_annual_max_observed_frequency_pct.tif,1,1003365,full_file,26a61238d4764c30f59e40d79c7775a18b846e70803b3707c39829ffdfc4a450,26a61238d4764c30f59e40d79c7775a18b846e70803b3707c39829ffdfc4a450,1
raster_00095,raster_asset,Output/rasters/MER/period_summaries/mer_post_minus_pre_annual_max_frequency_pct_points.tif,1,1227700,full_file,37145396e80623c1848d759f37a57032bffd3a1739264c5a012905fed0963875,37145396e80623c1848d759f37a57032bffd3a1739264c5a012905fed0963875,1
raster_00096,raster_asset,Output/rasters/MER/period_summaries/mer_pre_valid_year_count.tif,1,98747,full_file,15b8f309f2872a284e3238aa5de438d39047a78336e47dbee2318b9c3e9ae59f,15b8f309f2872a284e3238aa5de438d39047a78336e47dbee2318b9c3e9ae59f,1
raster_00097,raster_asset,Output/rasters/MER/period_summaries/mer_post_valid_year_count.tif,1,153192,full_file,e17930c51ac57551430a2d132b09bd5bf62892bcad1e0a5e5dcca2be36bddc3d,e17930c51ac57551430a2d132b09bd5bf62892bcad1e0a5e5dcca2be36bddc3d,1
raster_00098,raster_asset,Output/rasters/MER/period_summaries/mer_period_summary_support_mask.tif,1,92188,full_file,e53026ce9cf8c212d9e8a7e23358729cc88a37c1248eb741c3ce92fcb000856a,e53026ce9cf8c212d9e8a7e23358729cc88a37c1248eb741c3ce92fcb000856a,1
raster_08058_wet,raster_asset,Output/rasters/inundation_annual_stack_8058/annual_wet_any_1988_2023_8058.tif,1,17161431,full_file,f31d39b00110c2e3d3927fe9fbf79207733a0e399f7248cb3fc1b553f970404e,f31d39b00110c2e3d3927fe9fbf79207733a0e399f7248cb3fc1b553f970404e,1
raster_08058_valid,raster_asset,Output/rasters/inundation_annual_stack_8058/annual_valid_any_1988_2023_8058.tif,1,2296485,full_file,4745fbd21b95a33451bd0b7a92cec89574fccd1033b713e758a90c761d8e3178,4745fbd21b95a33451bd0b7a92cec89574fccd1033b713e758a90c761d8e3178,1
raster_vegpct_p05,raster_asset,Output/rasters/veg_percentiles_8058/total_veg_p05_8058.tif,1,18750762,full_file,e0d8ab54c988b03451aca5e647a5aaef1f43e9d3642eb32d5360dd51085e9058,e0d8ab54c988b03451aca5e647a5aaef1f43e9d3642eb32d5360dd51085e9058,1
raster_vegpct_p10,raster_asset,Output/rasters/veg_percentiles_8058/total_veg_p10_8058.tif,1,18552780,full_file,be68a74e1846f4d3392e3cb42cb1849fdf017f6238acc885eeff8d0600749904,be68a74e1846f4d3392e3cb42cb1849fdf017f6238acc885eeff8d0600749904,1
raster_vegpct_p20,raster_asset,Output/rasters/veg_percentiles_8058/total_veg_p20_8058.tif,1,18247143,full_file,a94504958778043714b223565f494204a46a840edd2a8a9f0d02b4149df070ef,a94504958778043714b223565f494204a46a840edd2a8a9f0d02b4149df070ef,1
raster_vegpct_p30,raster_asset,Output/rasters/veg_percentiles_8058/total_veg_p30_8058.tif,1,18025378,full_file,54f126a90dd6613b740ca7fe68ebcea982f7bb75f09d11afc1000c26e18522aa,54f126a90dd6613b740ca7fe68ebcea982f7bb75f09d11afc1000c26e18522aa,1
raster_vegpct_p50,raster_asset,Output/rasters/veg_percentiles_8058/total_veg_p50_8058.tif,1,17490103,full_file,0bce8ae9992f50e13b1222308f22624ba165a3a6ab0d09792c9d8acef1c32223,0bce8ae9992f50e13b1222308f22624ba165a3a6ab0d09792c9d8acef1c32223,1
raster_veg_regime_class_8058,raster_asset,Output/rasters/veg_regime_class_8058.tif,1,377327,full_file,ff079f2f710cd50a6db67d90eed72e4fd836f98156d9b382953a758610912000,ff079f2f710cd50a6db67d90eed72e4fd836f98156d9b382953a758610912000,1
raster_flood_zone_8058,raster_asset,Output/rasters/flood_zone_8058.tif,1,379259,full_file,51bc88b583e6a27564f7d0ab9e563c5c98dd99ea99fcd086243274bfec7e0753,51bc88b583e6a27564f7d0ab9e563c5c98dd99ea99fcd086243274bfec7e0753,1
report_00001,report_asset,Output/reports/README_reports.md,1,810,full_file,3542c151443d97b3a516965e8126cf65a8835f59467c7f94d19d8380fc83da5d,3542c151443d97b3a516965e8126cf65a8835f59467c7f94d19d8380fc83da5d,1
report_00002,report_asset,Output/reports/MER/flow_mer_repo_comparison_and_raster_plan_20260627.md,1,8897,full_file,18681de8c855d503a0c9920e1a4d4263cd56411902d72b49ed88ad0469929aca,18681de8c855d503a0c9920e1a4d4263cd56411902d72b49ed88ad0469929aca,1
report_00003,report_asset,Output/reports/MER/mer_raster_grid_alignment_policy.md,1,1919,full_file,1cd3229d6198b822bf6e9ecec4b654a4464e48a21b7999e2bc08b8037abbeda9,1cd3229d6198b822bf6e9ecec4b654a4464e48a21b7999e2bc08b8037abbeda9,1
report_00004,report_asset,Output/reports/spine_smoke_test/spine_smoke_test_report.md,1,454,full_file,1992e95b53abc24bc6743565cebc362044d853743ae880bee27e91118a18ff79,f8434bcd95367324179580216d854bb9efd82dfe30a9c957cf1d2bab6c9695b8,0
report_00005,report_asset,Output/reports/database/Gayini_results_database_build_report.md,1,7134,full_file,37a11680f095f2cbb2bcfaa18137c5d4149d8a449081f3f2df3e900fdba57a37,db83dadfdf714758579f0ea1a858431d7bf9f1645817d2d25656b56c1be8aed2,0
report_00006,report_asset,Output/reports/MER/methods_notes/Gayini_MER_raster_methods_note.md,1,2958,full_file,d122a878ac5762ea95c2bc3008070834d2b7899f1277256b8ff8cf790c6912b2,d122a878ac5762ea95c2bc3008070834d2b7899f1277256b8ff8cf790c6912b2,1
report_00007,report_asset,Output/reports/MER/decks/Gayini_MER_analysis_review_deck.pptx,1,1358244,full_file,cf3a62888242ade27eaacfe71777778eae34f4847a9060ca64ec35abaf659c9d,cf3a62888242ade27eaacfe71777778eae34f4847a9060ca64ec35abaf659c9d,1
report_00008,report_asset,Output/reports/MER/workbooks/Gayini_MER_analysis_workbook.xlsx,1,16005,full_file,3e287946e5518f7b4d27b9abd5be19cf4c209ebcacc905d3d83f48ab90622201,3e287946e5518f7b4d27b9abd5be19cf4c209ebcacc905d3d83f48ab90622201,1
report_00009,report_asset,Output/reports/MER/handoffs/task_9_mer_package_handoff.md,1,6617,full_file,01ca9fef2f86e1579a1a0ee7c1ddff2cb4e080a3a9c5078035f1c50af675be4a,01ca9fef2f86e1579a1a0ee7c1ddff2cb4e080a3a9c5078035f1c50af675be4a,1
report_00010,report_asset,Output/reports/MER/handoffs/task_10_mer_raster_census_and_smoke_test_handoff.md,1,11893,full_file,064e56942d681068cb26fc80addd829ec124ae0a4797d4dc0029ee4d176965a8,064e56942d681068cb26fc80addd829ec124ae0a4797d4dc0029ee4d176965a8,1
report_00011,report_asset,Output/reports/MER/handoffs/task_12_mer_annual_max_raster_build_handoff.md,1,3365,full_file,0d5ad142e230b27ba1c41c4fe3e52aa72b6cffd0fb362dbf03e3df73ffb9cd5f,0d5ad142e230b27ba1c41c4fe3e52aa72b6cffd0fb362dbf03e3df73ffb9cd5f,1
report_00012,report_asset,Output/reports/deck_update/story_and_planning/Gayini_presentation_and_workshop_plan_20260615.xlsx,1,19078,full_file,efedbb2b245a8ccf5fcd56a85b349a46d208604499e498079707fcb0eae3562e,efedbb2b245a8ccf5fcd56a85b349a46d208604499e498079707fcb0eae3562e,1
report_00013,report_asset,Output/reports/deck_update/variables_and_spine/Gayini_master_variable_and_output_register_20260615.xlsx,1,27606,full_file,66fb7ac5c3aec0a9ebf819463a907c66800607c75f945194597969977a88832a,66fb7ac5c3aec0a9ebf819463a907c66800607c75f945194597969977a88832a,1
report_00014,report_asset,Output/reports/code_and_repo_audits/code_refresh/stage1_git_status_report.md,1,828,full_file,0f2978b96b9321b94369e658c840d5dd34cfae57ed1a200a70fb9ab37e6a38e6,0f2978b96b9321b94369e658c840d5dd34cfae57ed1a200a70fb9ab37e6a38e6,1
report_00015,report_asset,Output/reports/code_and_repo_audits/code_refresh/stage1_code_refresh_handoff.md,1,4734,full_file,09f95e08b474a36cc0c576ed26a8a7c5f6f3db882b3357127c24587bc344a279,09f95e08b474a36cc0c576ed26a8a7c5f6f3db882b3357127c24587bc344a279,1
report_00016,report_asset,Output/reports/code_and_repo_audits/code_refresh/stage1_github_push_report.md,1,915,full_file,99827ca5dce64908dcd526d603d4c96676136da34fb1e3654041bfc1dbe0df4d,99827ca5dce64908dcd526d603d4c96676136da34fb1e3654041bfc1dbe0df4d,1
report_00017,report_asset,Output/reports/code_and_repo_audits/code_refresh/stage2_code_refresh_handoff.md,1,2141,full_file,d67257c825a18b28a6a4b121520a34e8e908e921949e2e850d5c5360b7cc342a,d67257c825a18b28a6a4b121520a34e8e908e921949e2e850d5c5360b7cc342a,1
report_00018,report_asset,Output/reports/code_and_repo_audits/code_refresh/stage2_git_status_report.md,1,639,full_file,64046ff48adb64e18b12a99b69a8d3da6da97463f600c95b1125b71b82c23c31,64046ff48adb64e18b12a99b69a8d3da6da97463f600c95b1125b71b82c23c31,1
report_00019,report_asset,Output/reports/code_and_repo_audits/code_refresh/stage2_github_push_report.md,1,487,full_file,20e35678cc1047929c959aef14dbd1b9c75a82a9f46a3bdcb223b81b70c159de,20e35678cc1047929c959aef14dbd1b9c75a82a9f46a3bdcb223b81b70c159de,1
report_00020,report_asset,Output/reports/code_and_repo_audits/code_refresh/stage3_git_status_report.md,1,1011,full_file,e062365ce00f993584fbb51e51956330e262c38ba08622b2372db9c2de8663ba,e062365ce00f993584fbb51e51956330e262c38ba08622b2372db9c2de8663ba,1
report_00021,report_asset,Output/reports/code_and_repo_audits/code_refresh/stage3_code_refresh_handoff.md,1,2601,full_file,b185ba6e47da29cf17a599d705c08afeb33f3ea04b98bcccca4b42cba0e3a26f,b185ba6e47da29cf17a599d705c08afeb33f3ea04b98bcccca4b42cba0e3a26f,1
report_00022,report_asset,Output/reports/code_and_repo_audits/code_refresh/stage3_github_push_report.md,1,762,full_file,abd26e21e50dcf3f2a255be36d596631266a267c73e499208c8f583651e32342,abd26e21e50dcf3f2a255be36d596631266a267c73e499208c8f583651e32342,1
report_00023,report_asset,Output/reports/code_and_repo_audits/code_refresh/stage4_git_status_report.md,1,392,full_file,78fa1b62786cfbebeb71d5de8c1efeda83c5a020987e8b301e9c9bf755411f11,78fa1b62786cfbebeb71d5de8c1efeda83c5a020987e8b301e9c9bf755411f11,1
report_00024,report_asset,Output/reports/code_and_repo_audits/code_refresh/stage4_spine_runner_handoff.md,1,1377,full_file,f73888fd401e021b312427cdc3174b7484db568c4b0f48adf7a9ad9236da9128,f73888fd401e021b312427cdc3174b7484db568c4b0f48adf7a9ad9236da9128,1
report_00025,report_asset,Output/reports/code_and_repo_audits/code_refresh/stage4_github_push_report.md,1,428,full_file,00b36d482060f1b6598c4858e6c877ee7d74e13ca799b697779b401e6f8ef986,00b36d482060f1b6598c4858e6c877ee7d74e13ca799b697779b401e6f8ef986,1
report_00026,report_asset,Output/reports/code_and_repo_audits/code_refresh/stage5_git_status_report.md,1,3572,full_file,c72f6a0391adc6ebe5dbf6d2704752cd33c619ca9834418066cca3a457597870,c72f6a0391adc6ebe5dbf6d2704752cd33c619ca9834418066cca3a457597870,1
report_00027,report_asset,Output/reports/code_and_repo_audits/repo_acceptance/repo_acceptance_audit.md,1,252,full_file,0f3704a6d9e61a6b3bc2f6d069a021196b0639d1ac90722ec6772e6c303f9c14,0f3704a6d9e61a6b3bc2f6d069a021196b0639d1ac90722ec6772e6c303f9c14,1
report_00028,report_asset,Output/reports/code_and_repo_audits/repo_acceptance/stage5_repo_acceptance_handoff.md,1,3233,full_file,d3168e90e799b309b51785d9199684347df0263a0f286e3a49551a04ae3bb2e1,d3168e90e799b309b51785d9199684347df0263a0f286e3a49551a04ae3bb2e1,1
report_00029,report_asset,Output/reports/code_and_repo_audits/repo_acceptance/stage5_github_push_report.md,1,892,full_file,02d896e08490e19d77e0e8218d6bb15f3d81efda65047cc06bab032d0ff9e8ae,02d896e08490e19d77e0e8218d6bb15f3d81efda65047cc06bab032d0ff9e8ae,1
report_00030,report_asset,Output/reports/code_and_repo_audits/output_audit/proposed_output_structure.md,1,1019,full_file,9bb6db171c3732a86992f2c627e4d3441139f6e36c7156bcc189f986e7eccf8f,9bb6db171c3732a86992f2c627e4d3441139f6e36c7156bcc189f986e7eccf8f,1
report_00031,report_asset,Output/reports/code_and_repo_audits/output_audit/stage6_output_audit_handoff.md,1,1635,full_file,6164132b0211a8cc8ef9c0766c32d8b1bd86b1664755a62e2342807e12bdc13f,6164132b0211a8cc8ef9c0766c32d8b1bd86b1664755a62e2342807e12bdc13f,1
report_00032,report_asset,Output/reports/code_and_repo_audits/output_audit/stage6_git_status_report.md,1,751,full_file,c137f35fc28dfbfc82f4b8a7ae42d75919d71448d2ae1babb794a49af062e586,c137f35fc28dfbfc82f4b8a7ae42d75919d71448d2ae1babb794a49af062e586,1
report_00033,report_asset,Output/reports/code_and_repo_audits/output_audit/output_cleanup_dry_run_report.md,1,554,full_file,c128b742dfdf2b5a712526ae4f02157518d36cb9ede79d3574ff35e622de9f98,c128b742dfdf2b5a712526ae4f02157518d36cb9ede79d3574ff35e622de9f98,1
report_00034,report_asset,Output/reports/code_and_repo_audits/output_audit/output_cleanup_execution_report.md,1,800,full_file,8dea319fd56ad9ade4025100b46588acb9a471c26aa0034480a6e9ee801c97d1,8dea319fd56ad9ade4025100b46588acb9a471c26aa0034480a6e9ee801c97d1,1
report_00035,report_asset,Output/diagnostics/check_curated_outputs/codex_handoff_report.md,1,1315,full_file,d680795621ef34c2e1ed38518ff580825208ea153051023dfb5cfaa176e7032f,d680795621ef34c2e1ed38518ff580825208ea153051023dfb5cfaa176e7032f,1
report_00036,report_asset,Output/diagnostics/check_prepost_inundation_raster_outputs/codex_handoff_report.md,1,1349,full_file,d597499babeb87eeb9ba081c4bfaf554a4d434c845cd0dd2aed3b05a0cd51d2d,d597499babeb87eeb9ba081c4bfaf554a4d434c845cd0dd2aed3b05a0cd51d2d,1
report_00037,report_asset,Output/diagnostics/ground_cover/prepost_response/codex_handoff_report.md,1,2115,full_file,5b74b2ed29a3ce31ce9978e71b94aa9e32871fd242bab9439d77800881481a0b,5b74b2ed29a3ce31ce9978e71b94aa9e32871fd242bab9439d77800881481a0b,1
report_00038,report_asset,Output/diagnostics/ground_cover/prepost_figures/codex_handoff_report.md,1,3538,full_file,cb44719da028ab1b2043231ad41d53ff4df8e1a633b9211ac7dab5856aa32e72,cb44719da028ab1b2043231ad41d53ff4df8e1a633b9211ac7dab5856aa32e72,1
census_pixel_8058,census_asset,Output/census/gayini_pixel_census_8058.parquet,1,26724747,full_file,6b23f6c0803b69af12345b6818ae2cd453a67fc7ec694a880b3be3681246f966,6b23f6c0803b69af12345b6818ae2cd453a67fc7ec694a880b3be3681246f966,1
